Workbook
Name COMBO1: [1]!COMBO[#Data]
Name ListaV: COMBO2!$A$1:$A$10
Name VIAJE: BASE_DATOS[[#All],[VIAJE]]

Sheet COMBO2
A1: VIAJE | B1: FECHA | C1: HORA | D1: TIEMPO Hrs | E1: ACTIVIDAD REALIZADA | F1: REFERENCIA | G1: DISTANCIA POR CARTA | H1: TIEMPO DE NAVEGACION | I1: VELOCIDAD | J1: BEAUFORT | K1: RPM | L1: MPAL | M1: AUX. | N1: CALDERA | O1: TOTAL | P1: FAENA | Q1: ROB | R1: MPAL2 | S1: AUX | T1: CALDERA | U1: PP | V1: GI | W1: TOTAL | X1: FAENA2 | Y1: ROB | Z1: CYLINDER MP | AA1: FAENA EN LTS | AB1: CYLINDER MP ROB EN LTS | AC1: CARTER MP. | AD1: FAENA EN LTS2 | AE1: CARTER MP. ROB EN LTS | AF1: MOT AUX | AG1: FAENA EN LTS | AH1: MOT AUX ROB EN LTS | AI1: HIDRAULICO | AJ1: FAENA EN LTS3 | AK1: HIDRAULICO ROB EN LTS
A2: V051-20 | B2: 43831 | C2: 0 | D2: 0 | E2: NAVEGANDO CON CARGA | F2: SUPE | I2: 0 | J2: S2 | K2: 95 | L2: 0 | M2: 0 | N2: 0 | O2: 0 | Q2: 370 | R2: 0 | S2: 0 | T2: 0 | U2: 0 | V2: 0 | W2: 0 | Y2: 94.34 | AB2: 100 | AE2: 100 | AH2: 100 | AK2: 100
A3: V052-20 | B3: 43840 | C3: 0.64583333 | D3: 0.5 | E3: MANIOBRA | F3: TCM CALLAO | I3: 0 | L3: 0.10416667 | M3: 0.052083333 | N3: 0.041666667 | O3: 0.19791667 | Q3: 274.80208 | R3: 0 | S3: 0 | T3: 0 | U3: 0 | V3: 0 | W3: 0 | Y3: 75.35 | AB3: 100 | AE3: 100 | AH3: 100 | AK3: 100
A4: V053-20 | B4: 43852 | C4: 0.875 | D4: 0.5 | E4: MANIOBRA | F4: CALLAO | I4: 0 | L4: 0.10416667 | M4: 0.052083333 | N4: 0.041666667 | O4: 0.19791667 | Q4: 165.82208 | R4: 0 | S4: 0 | T4: 0 | U4: 0 | V4: 0 | W4: 0 | Y4: 65.3 | AB4: 100 | AE4: 100 | AH4: 100 | AK4: 100
A5: V054-20 | B5: 43866 | C5: 0.52083333 | D5: 1 | E5: MANIOBRA | F5: TCM FONDEADO. | I5: 0 | L5: 0 | M5: 0 | N5: 0 | O5: 0 | Q5: 53 | R5: 0 | S5: 0 | T5: 0 | U5: 0 | V5: 0 | W5: 0 | X5: 0 | Y5: 56 | AB5: 100 | AE5: 100 | AH5: 100 | AK5: 100
A6: V055-20 | B6: 43878 | C6: 0.125 | D6: 0 | E6: MANIOBRA | F6: TCM CALLAO | I6: 0 | L6: 0.10416667 | M6: 0.052083333 | N6: 0.041666667 | O6: 0 | Q6: 752 | R6: 0 | S6: 0 | T6: 0 | U6: 0 | V6: 0 | W6: 0 | X6: 0 | Y6: 39 | AB6: 100 | AE6: 100 | AH6: 100 | AK6: 100
A7: V056-20 | B7: 43892 | C7: 0.825 | D7: 1 | E7: MANIOBRA | F7: TCM | I7: 0 | L7: 0.125 | M7: 0.0625 | N7: 0.05 | O7: 0 | Q7: 632 | R7: 0 | S7: 0 | T7: 0 | U7: 0 | V7: 0 | W7: 0 | X7: 0 | Y7: 27 | AB7: 100 | AE7: 100 | AH7: 100 | AK7: 100
A8: V057-20 | B8: 43919 | C8: 0.625 | D8: 1 | E8: MANIOBRA | F8: TCM | I8: 0 | L8: 0.041666667 | M8: 0.052083333 | N8: 0.041666667 | O8: 0 | Q8: 379 | R8: 0 | S8: 0 | T8: 0 | U8: 0 | V8: 0 | W8: 0 | X8: 0 | Y8: 82 | AB8: 100 | AE8: 100 | AH8: 100 | AK8: 100
A10: Total Viajes

Sheet BASE DATOS
G3: DATOS DE NAVEGACION | L3: CONSUMO VLSFO | R3: CONSUMO MGO | Z3: CONSUMO LUBRICANTES EN LTS
L4: MES ANTERIO | Q4: 370 | R4: MES ANTERIOR | Y4: 94.34 | AA4: MES ANT | AB4: 100 | AD4: MES ANT | AE4: 100 | AG4: MES ANT | AH4: 100 | AJ4: MES ANT | AK4: 100
A5: VIAJE | B5: FECHA | C5: HORA | D5: TIEMPO Hrs | E5: ACTIVIDAD REALIZADA | F5: REFERENCIA | G5: DISTANCIA POR CARTA | H5: TIEMPO DE NAVEGACION | I5: VELOCIDAD | J5: BEAUFORT | K5: RPM | L5: MPAL | M5: AUX. | N5: CALDERA | O5: TOTAL | P5: FAENA | Q5: ROB | R5: MPAL2 | S5: AUX | T5: CALDERA | U5: PP | V5: GI | W5: TOTAL | X5: FAENA2 | Y5: ROB | Z5: CYLINDER MP | AA5: FAENA EN LTS | AB5: CYLINDER MP ROB EN LTS | AC5: CARTER MP. | AD5: FAENA EN LTS2 | AE5: CARTER MP. ROB EN LTS | AF5: MOT AUX | AG5: FAENA EN LTS | AH5: MOT AUX ROB EN LTS | AI5: HIDRAULICO | AJ5: FAENA EN LTS3 | AK5: HIDRAULICO ROB EN LTS
A6: V051-19 | B6: 43821 | C6: 0.6875 | D6: 0.5 | E6: MANIOBRA | F6: FONDO CALLAO | I6: 0 | L6: 0.20833333 | M6: 0.052083333 | N6: 0.052083333 | O6: 0.3125 | Q6: 82.6875 | R6: 0 | S6: 0 | T6: 0 | U6: 0 | V6: 0 | W6: 0 | Y6: 94.34 | AB6: 100 | AE6: 100 | AH6: 100 | AK6: 100
A7: V051-19 | B7: 43822 | C7: 0.33333333 | D7: 15.5 | E7: FONDEADO | F7: FONDEADO | I7: 0 | L7: 0 | M7: 1.6145833 | N7: 1.6145833 | O7: 3.2291667 | Q7: 79.458333 | R7: 0 | S7: 0 | T7: 0 | U7: 0 | V7: 0 | W7: 0 | Y7: 94.34 | AB7: 100 | AE7: 100 | AH7: 100 | AK7: 100
A8: V051-19 | B8: 43822 | C8: 0.42916667 | D8: 2.3 | E8: FONDEADO | F8: ANCLA ARRIBA | I8: 0 | L8: 0 | M8: 0.23958333 | N8: 0.23958333 | O8: 0.47916667 | Q8: 78.979167 | R8: 0 | S8: 0 | T8: 0 | U8: 0 | V8: 0 | W8: 0 | Y8: 94.34 | AB8: 100 | AE8: 100 | AH8: 100 | AK8: 100
A9: V051-19 | B9: 43822 | C9: 0.49166667 | D9: 1.5 | E9: MANIOBRA | F9: INICIO MANIOBRA | I9: 0 | L9: 0 | M9: 0.15625 | N9: 0.15625 | O9: 0.3125 | Q9: 78.666667 | R9: 0 | S9: 0 | T9: 0 | U9: 0 | V9: 0 | W9: 0 | Y9: 94.34 | AB9: 100 | AE9: 100 | AH9: 100 | AK9: 100
A10: V051-19 | B10: 43822 | C10: 0.525 | D10: 0.8 | E10: MANIOBRA | F10: TCM | I10: 0 | L10: 0.33333333 | M10: 0.083333333 | N10: 0.083333333 | O10: 0.5 | Q10: 78.166667 | R10: 0 | S10: 0 | T10: 0 | U10: 0 | V10: 0 | W10: 0 | Y10: 94.34 | AB10: 100 | AE10: 100 | AH10: 100 | AK10: 100
A11: V051-19 | B11: 43823 | C11: 0.33333333 | D11: 19.4 | E11: OTRAS ACT. | F11: CARGANDO | I11: 0 | L11: 0 | M11: 2.0208333 | N11: 2.0208333 | O11: 4.0416667 | Q11: 74.125 | R11: 0 | S11: 0.1 | T11: 0 | U11: 0 | V11: 0 | W11: 0.1 | Y11: 94.24 | AB11: 100 | AE11: 100 | AH11: 100 | AK11: 100
A12: V051-19 | B12: 43824 | C12: 0.125 | D12: 19 | E12: CARGANDO | F12: TERMINO CARGA | I12: 0 | L12: 0 | M12: 1.9791667 | N12: 1.9791667 | O12: 3.9583333 | Q12: 70.166667 | R12: 0 | S12: 0 | T12: 0 | U12: 0 | V12: 0 | W12: 0 | Y12: 94.24 | AB12: 100 | AE12: 100 | AH12: 100 | AK12: 100
A13: V051-19 | B13: 43824 | C13: 0.28333333 | D13: 3.8 | E13: OTRAS ACT. | F13: INICIO MANIOBRA | I13: 0 | L13: 0 | M13: 0.39583333 | N13: 0.39583333 | O13: 0.79166667 | Q13: 69.375 | R13: 0 | S13: 0 | T13: 0 | U13: 0 | V13: 0 | W13: 0 | Y13: 94.24 | AB13: 100 | AE13: 100 | AH13: 100 | AK13: 100
A14: V051-19 | B14: 43824 | C14: 0.30416667 | D14: 0.5 | E14: MANIOBRA | F14: TCM | I14: 0 | L14: 0.20833333 | M14: 0.052083333 | N14: 0.052083333 | O14: 0.3125 | Q14: 69.0625 | R14: 0 | S14: 0 | T14: 0 | U14: 0 | V14: 0 | W14: 0 | Y14: 94.24 | AB14: 100 | AE14: 100 | AH14: 100 | AK14: 100
A15: V051-19 | B15: 43824 | C15: 0.33333333 | D15: 0.7 | E15: MANIOBRA | F15: ZARPE. IVM | I15: 0 | L15: 0.72916667 | M15: 0.072916667 | N15: 0.072916667 | O15: 0.875 | Q15: 68.1875 | R15: 0 | S15: 0 | T15: 0 | U15: 0 | V15: 0 | W15: 0 | Y15: 94.24 | AB15: 100 | AE15: 100 | AH15: 100 | AK15: 100
A16: V051-19 | B16: 43824 | C16: 0.77916667 | D16: 10.7 | E16: NAVEGANDO CON CARGA | F16: ARRIBO PISCO | I16: 0 | L16: 11.145833 | M16: 1.1145833 | N16: 1.1145833 | O16: 13.375 | Q16: 54.8125 | R16: 0 | S16: 0 | T16: 0 | U16: 0 | V16: 0 | W16: 0 | Y16: 94.24 | AB16: 100 | AE16: 100 | AH16: 100 | AK16: 100
A17: V051-19 | B17: 43824 | C17: 0.82083333 | D17: 1 | E17: MANIOBRA | F17: FONDO PISCO | I17: 0 | L17: 0.41666667 | M17: 0.10416667 | N17: 0.10416667 | O17: 0.625 | Q17: 54.1875 | R17: 0 | S17: 0.1 | T17: 0 | U17: 0 | V17: 0 | W17: 0.1 | Y17: 94.14 | AB17: 100 | AE17: 100 | AH17: 100 | AK17: 100
... A43: V051-19 | B43: 43830 | C43: 0.95 | D43: 8.1 | E43: OTRAS ACT. | F43: ANCLA ARRIBA | I43: 0 | L43: 0 | M43: 0 | N43: 0 | O43: 0 | Q43: 0.005 | R43: 0 | S43: 0.2 | T43: 0.1 | U43: 0 | V43: 0 | W43: 0.3 | Y43: 88.98 | AB43: 100 | AE43: 100 | AH43: 100 | AK43: 100
A44: V051-19 | B44: 43830 | C44: 0.97916667 | D44: 0.7 | E44: OTRAS ACT. | F44: ZARPE | I44: 0 | L44: 0 | M44: 0 | N44: 0 | O44: 0 | P44: 370 | Q44: 370.005 | R44: 0.29 | S44: 0.1 | T44: 0.1 | U44: 0 | V44: 0 | W44: 0.49 | Y44: 88.49 | AB44: 100 | AE44: 100 | AH44: 100 | AK44: 100
A45: V051-20 | B45: 43831 | C45: 0.3 | D45: 7.2 | E45: NAVEGANDO CON CARGA | F45: ARRIBO SUPE | G45: 91 | H45: 7.2 | I45: 12.638889 | J45: S2 | K45: 95 | L45: 0 | M45: 0 | N45: 0 | O45: 0 | Q45: 370 | R45: 7.5 | S45: 0.75 | T45: 0.06 | U45: 0 | V45: 0 | W45: 8.31 | Y45: 86.03 | AB45: 100 | AE45: 100 | AH45: 100 | AK45: 100
A46: V051-20 | B46: 43831 | C46: 0.33333333 | D46: 0.8 | E46: MANIOBRA | F46: SUPE | I46: 0 | L46: 0 | M46: 0 | N46: 0 | O46: 0 | Q46: 370 | R46: 0.33 | S46: 0.08 | T46: 0.07 | U46: 0 | V46: 0 | W46: 0.48 | X46: 0 | Y46: 85.55 | AB46: 100 | AE46: 100 | AH46: 100 | AK46: 100
A47: V051-20 | B47: 43831 | C47: 0.35 | D47: 0.4 | E47: MANIOBRA | F47: INICIO MANIOBRA SUPE | I47: 0 | L47: 0 | M47: 0.041666667 | N47: 0.033333333 | O47: 0.075 | Q47: 369.925 | R47: 0 | S47: 0 | T47: 0 | U47: 0 | V47: 0 | W47: 0 | Y47: 85.55 | AB47: 100 | AE47: 100 | AH47: 100 | AK47: 100
A48: V051-20 | B48: 43831 | C48: 0.3875 | D48: 0.9 | E48: MANIOBRA | F48: TCM SUPE | I48: 0 | L48: 0.375 | M48: 0.09375 | N48: 0.075 | O48: 0.54375 | Q48: 369.38125 | R48: 0 | S48: 0 | T48: 0 | U48: 0 | V48: 0 | W48: 0 | Y48: 85.55 | AB48: 100 | AE48: 100 | AH48: 100 | AK48: 100
A49: V051-20 | B49: 43831 | C49: 0.50416667 | D49: 2.8 | E49: OTRAS ACT. | F49: INICIO DESCARGA SUPE | I49: 0 | L49: 0 | M49: 0.29166667 | N49: 0.23333333 | O49: 0.525 | Q49: 368.85625 | R49: 0 | S49: 0 | T49: 0 | U49: 0 | V49: 0 | W49: 0 | Y49: 85.55 | AB49: 100 | AE49: 100 | AH49: 100 | AK49: 100
A50: V051-20 | B50: 43831 | C50: 0.95833333 | D50: 10.9 | E50: DESCARGANDO | F50: TERMINO DESARGA SUPE | I50: 0 | L50: 0 | M50: 1.1354167 | N50: 0.90833333 | O50: 2.04375 | Q50: 366.8125 | R50: 0 | S50: 0 | T50: 0 | U50: 0 | V50: 2.8 | W50: 2.8 | Y50: 82.75 | AB50: 100 | AE50: 100 | AH50: 100 | AK50: 100
A51: V051-20 | B51: 43832 | C51: 0.0875 | D51: 3.1 | E51: OTRAS ACT. | F51: INICIO MANIOBRA ZARPE SUPE | I51: 0 | L51: 0 | M51: 0.32291667 | N51: 0.25833333 | O51: 0.58125 | Q51: 366.23125 | R51: 0 | S51: 0 | T51: 0 | U51: 0 | V51: 0 | W51: 0 | Y51: 82.75 | AB51: 100 | AE51: 100 | AH51: 100 | AK51: 100
A52: V051-20 | B52: 43832 | C52: 0.1125 | D52: 0.6 | E52: MANIOBRA | F52: ZARPE SUPE | I52: 0 | L52: 0.25 | M52: 0.0625 | N52: 0.05 | O52: 0.3625 | Q52: 365.86875 | R52: 0 | S52: 0 | T52: 0 | U52: 0 | V52: 0 | W52: 0 | Y52: 82.75 | AB52: 100 | AE52: 100 | AH52: 100 | AK52: 100
A53: V051-20 | B53: 43832 | C53: 0.33333333 | D53: 5.3 | E53: NAVEGANDO CON CARGA | F53: NAVEGANDO A ETEN | I53: 0 | J53: S2 | K53: 95 | L53: 5.5208333 | M53: 0.55208333 | N53: 0.44166667 | O53: 6.5145833 | Q53: 359.35417 | R53: 0 | S53: 0 | T53: 0 | U53: 0 | V53: 0 | W53: 0 | Y53: 82.75 | AB53: 100 | AE53: 100 | AH53: 100 | AK53: 100
A54: V051-20 | B54: 43833 | C54: 0.095833333 | D54: 18.3 | E54: NAVEGANDO CON CARGA | F54: ARRIBO ETEN | G54: 266 | H54: 23.6 | I54: 11.271186 | J54: S 2 | K54: 95 | L54: 19.0625 | M54: 1.90625 | N54: 1.525 | O54: 22.49375 | Q54: 336.86042 | R54: 0 | S54: 0 | T54: 0 | U54: 0 | V54: 0 | W54: 0 | Y54: 82.75 | AB54: 100 | AE54: 100 | AH54: 100 | AK54: 100
A55: V051-20 | B55: 43833 | C55: 0.11666667 | D55: 0.5 | E55: MANIOBRA | F55: TCM FONDEADO ETEN | I55: 0 | L55: 0.20833333 | M55: 0.052083333 | N55: 0.041666667 | O55: 0.30208333 | Q55: 336.55833 | R55: 0 | S55: 0 | T55: 0 | U55: 0 | V55: 0 | W55: 0 | Y55: 82.75 | AB55: 100 | AE55: 100 | AH55: 100 | AK55: 100
A56: V051-20 | B56: 43833 | C56: 0.33333333 | D56: 5.2 | E56: FONDEADO | F56: ETEN | I56: 0 | L56: 0 | M56: 0.54166667 | N56: 0.43333333 | O56: 0.975 | Q56: 335.58333 | R56: 0 | S56: 0 | T56: 0 | U56: 0 | V56: 0 | W56: 0 | Y56: 82.75 | AB56: 100 | AE56: 100 | AH56: 100 | AK56: 100
A57: V051-20 | B57: 43834 | C57: 0.33333333 | D57: 24 | E57: FONDEADO | F57: ETEN | I57: 0 | L57: 0 | M57: 2.5 | N57: 2 | O57: 4.5 | Q57: 331.08333 | R57: 0 | S57: 0 | T57: 0 | U57: 0 | V57: 0 | W57: 0 | Y57: 82.75 | AB57: 100 | AE57: 100 | AH57: 100 | AK57: 100
A58: V051-20 | B58: 43835 | C58: 0.33333333 | D58: 24 | E58: FONDEADO | F58: ETEN | I58: 0 | L58: 0 | M58: 2.2 | N58: 2 | O58: 4.2 | Q58: 326.88333 | R58: 0 | S58: 0 | T58: 0 | U58: 0 | V58: 0 | W58: 0 | Y58: 82.75 | AB58: 100 | AE58: 100 | AH58: 100 | AK58: 100
A59: V051-20 | B59: 43836 | C59: 0.33333333 | D59: 24 | E59: FONDEADO | F59: ETEN | I59: 0 | L59: 0 | M59: 2.2 | N59: 2 | O59: 4.2 | Q59: 322.68333 | R59: 0 | S59: 0 | T59: 0 | U59: 0 | V59: 0 | W59: 0 | Y59: 82.75 | AB59: 100 | AE59: 100 | AH59: 100 | AK59: 100
A60: V051-20 | B60: 43836 | C60: 0.54166667 | D60: 5 | E60: FONDEADO | F60: ANCLA ARRIBA ETEN | I60: 0 | L60: 0 | M60: 0.45833333 | N60: 0.41666667 | O60: 0.875 | Q60: 321.80833 | R60: 0 | S60: 0 | T60: 0 | U60: 0 | V60: 0 | W60: 0 | Y60: 82.75 | AB60: 100 | AE60: 100 | AH60: 100 | AK60: 100
A61: V051-20 | B61: 43836 | C61: 0.59583333 | D61: 1.3 | E61: MANIOBRA | F61: TCM ETEN | I61: 0 | L61: 0.10833333 | M61: 0.11916667 | N61: 0.10833333 | O61: 0.33583333 | Q61: 321.4725 | R61: 0 | S61: 0 | T61: 0 | U61: 0 | V61: 0 | W61: 0 | Y61: 82.75 | AB61: 100 | AE61: 100 | AH61: 100 | AK61: 100
A62: V051-20 | B62: 43836 | C62: 0.72083333 | D62: 3 | E62: OTRAS ACT. | F62: INICIO DESCARGA ETEN | I62: 0 | L62: 0 | M62: 0.3125 | N62: 0.25 | O62: 0.5625 | Q62: 320.91 | R62: 0 | S62: 0 | T62: 0 | U62: 0 | V62: 0 | W62: 0 | Y62: 82.75 | AB62: 100 | AE62: 100 | AH62: 100 | AK62: 100
A63: V051-20 | B63: 43837 | C63: 0.33333333 | D63: 14.7 | E63: DESCARGANDO | F63: DESCARGANDO | I63: 0 | L63: 0 | M63: 1.53125 | N63: 1.225 | O63: 2.75625 | Q63: 318.15375 | R63: 0 | S63: 0 | T63: 0 | U63: 0 | V63: 2.3 | W63: 2.3 | Y63: 80.45 | AB63: 100 | AE63: 100 | AH63: 100 | AK63: 100
A64: V051-20 | B64: 43837 | C64: 0.88333333 | D64: 13.2 | E64: DESCARGANDO | F64: TERMINO DESCARGA ETEN | I64: 0 | L64: 0 | M64: 1.375 | N64: 1.1 | O64: 2.475 | Q64: 315.67875 | R64: 0 | S64: 0 | T64: 0 | U64: 0 | V64: 2.2 | W64: 2.2 | Y64: 78.25 | AB64: 100 | AE64: 100 | AH64: 100 | AK64: 100
A65: V051-20 | B65: 43838 | C65: 0.016666667 | D65: 3.2 | E65: OTRAS ACT. | F65: ANCLA ARRIBA ETEN | I65: 0 | L65: 0 | M65: 0.33333333 | N65: 0.26666667 | O65: 0.6 | Q65: 315.07875 | R65: 0 | S65: 0 | T65: 0 | U65: 0 | V65: 0 | W65: 0 | Y65: 78.25 | AB65: 100 | AE65: 100 | AH65: 100 | AK65: 100
A66: V051-20 | B66: 43838 | C66: 0.041666667 | D66: 0.6 | E66: MANIOBRA | F66: INICIO VIAJE SALAVERRY | I66: 0 | L66: 0.125 | M66: 0.0625 | N66: 0.05 | O66: 0.2375 | Q66: 314.84125 | R66: 0 | S66: 0 | T66: 0 | U66: 0 | V66: 0 | W66: 0 | Y66: 78.25 | AB66: 100 | AE66: 100 | AH66: 100 | AK66: 100
A67: V051-20 | B67: 43838 | C67: 0.33333333 | D67: 7 | E67: NAVEGANDO CON CARGA | F67: SALAVERRY | I67: 0 | J67: S3 | K67: 95 | L67: 6.4166667 | M67: 0.72916667 | N67: 0 | O67: 7.1458333 | Q67: 307.69542 | R67: 0 | S67: 0 | T67: 0 | U67: 0 | V67: 0 | W67: 0 | Y67: 78.25 | AB67: 100 | AE67: 100 | AH67: 100 | AK67: 100
A68: V051-20 | B68: 43838 | C68: 0.41666667 | D68: 2 | E68: NAVEGANDO CON CARGA | F68: ARRIBO SALAVERRY | G68: 96 | H68: 9 | I68: 10.666667 | J68: S 3 | K68: 95 | L68: 1.8333333 | M68: 0.20833333 | N68: 0 | O68: 2.0416667 | Q68: 305.65375 | R68: 0 | S68: 0 | T68: 0 | U68: 0 | V68: 0 | W68: 0 | Y68: 78.25 | AB68: 100 | AE68: 100 | AH68: 100 | AK68: 100
A69: V051-20 | B69: 43838 | C69: 0.49583333 | D69: 1.9 | E69: MANIOBRA | F69: TCM SALAVERRY | I69: 0 | L69: 0.15833333 | M69: 0.19791667 | N69: 0.15833333 | O69: 0.51458333 | Q69: 305.13917 | R69: 0 | S69: 0 | T69: 0 | U69: 0 | V69: 0 | W69: 0 | Y69: 78.25 | AB69: 100 | AE69: 100 | AH69: 100 | AK69: 100
A70: V051-20 | B70: 43838 | C70: 0.675 | D70: 4.3 | E70: OTRAS ACT. | F70: INICIO DESCARGA SALAVERRY | I70: 0 | L70: 0 | M70: 0.44791667 | N70: 0.35833333 | O70: 0.80625 | Q70: 304.33292 | R70: 0 | S70: 0 | T70: 0 | U70: 0 | V70: 0 | W70: 0 | Y70: 78.25 | AB70: 100 | AE70: 100 | AH70: 100 | AK70: 100
A71: V051-20 | B71: 43839 | C71: 0.33333333 | D71: 15.8 | E71: DESCARGANDO | F71: DESCARGANDO | I71: 0 | L71: 0 | M71: 1.6458333 | N71: 1.3166667 | O71: 2.9625 | Q71: 301.37042 | R71: 0 | S71: 0 | T71: 0 | U71: 0 | V71: 2.6 | W71: 2.6 | Y71: 75.65 | AB71: 100 | AE71: 100 | AH71: 100 | AK71: 100
A72: V051-20 | B72: 43839 | C72: 0.425 | D72: 2.2 | E72: DESCARGANDO | F72: TERMINO DESCARGA SALAVERRY | I72: 0 | L72: 0 | M72: 0.22916667 | N72: 0.18333333 | O72: 0.4125 | Q72: 300.95792 | R72: 0 | S72: 0 | T72: 0 | U72: 0 | V72: 0.3 | W72: 0.3 | Y72: 75.35 | AB72: 100 | AE72: 100 | AH72: 100 | AK72: 100
A73: V051-20 | B73: 43839 | C73: 0.575 | D73: 3.6 | E73: OTRAS ACT. | F73: ANCLA ARRIBA SALAVERRY | I73: 0 | L73: 0 | M73: 0.375 | N73: 0.3 | O73: 0.675 | Q73: 300.28292 | R73: 0 | S73: 0 | T73: 0 | U73: 0 | V73: 0 | W73: 0 | Y73: 75.35 | AB73: 100 | AE73: 100 | AH73: 100 | AK73: 100
A74: V051-20 | B74: 43839 | C74: 0.60416667 | D74: 0.7 | E74: MANIOBRA | F74: INICIO VIAJE CALLAO | I74: 0 | L74: 0.14583333 | M74: 0.072916667 | N74: 0.058333333 | O74: 0.27708333 | Q74: 300.00583 | R74: 0 | S74: 0 | T74: 0 | U74: 0 | V74: 0 | W74: 0 | Y74: 75.35 | AB74: 100 | AE74: 100 | AH74: 100 | AK74: 100
A75: V051-20 | B75: 43840 | C75: 0.33333333 | D75: 17.5 | E75: NAVEGANDO EN LASTRE | F75: CALLAO | I75: 0 | J75: S4 | K75: 95 | L75: 16.041667 | M75: 1.8229167 | N75: 0 | O75: 17.864583 | Q75: 282.14125 | R75: 0 | S75: 0 | T75: 0 | U75: 0 | V75: 0 | W75: 0 | Y75: 75.35 | AB75: 100 | AE75: 100 | AH75: 100 | AK75: 100
A76: V051-20 | B76: 43840 | C76: 0.625 | D76: 7 | E76: NAVEGANDO EN LASTRE | F76: ARRIBO CALLAO | G76: 265 | H76: 24.5 | I76: 10.816327 | J76: S 4 | K76: 95 | L76: 6.4166667 | M76: 0.72916667 | N76: 0 | O76: 7.1458333 | Q76: 274.99542 | R76: 0 | S76: 0 | T76: 0 | U76: 0 | V76: 0 | W76: 0 | Y76: 75.35 | AB76: 100 | AE76: 100 | AH76: 100 | AK76: 100
A77: V052-20 | B77: 43840 | C77: 0.64583333 | D77: 0.5 | E77: MANIOBRA | F77: TCM CALLAO | I77: 0 | L77: 0.10416667 | M77: 0.052083333 | N77: 0.041666667 | O77: 0.19791667 | Q77: 274.80208 | R77: 0 | S77: 0 | T77: 0 | U77: 0 | V77: 0 | W77: 0 | Y77: 75.35 | AB77: 100 | AE77: 100 | AH77: 100 | AK77: 100
A78: V052-20 | B78: 43840 | C78: 0.67916667 | D78: 0.8 | E78: OTRAS ACT. | F78: ANCLA ARRIBA CALLAO | I78: 0 | L78: 0 | M78: 0.083333333 | N78: 0.066666667 | O78: 0.15 | Q78: 274.65208 | R78: 0 | S78: 0 | T78: 0 | U78: 0 | V78: 0 | W78: 0 | Y78: 75.35 | AB78: 100 | AE78: 100 | AH78: 100 | AK78: 100
A79: V052-20 | B79: 43840 | C79: 0.85 | D79: 4.1 | E79: MANIOBRA | F79: TCM CALLAO | I79: 0 | L79: 0.5125 | M79: 0.42708333 | N79: 0.34166667 | O79: 1.28125 | Q79: 273.37083 | R79: 0 | S79: 0 | T79: 0 | U79: 0 | V79: 0 | W79: 0 | Y79: 75.35 | AB79: 100 | AE79: 100 | AH79: 100 | AK79: 100
A80: V052-20 | B80: 43841 | C80: 0.33333333 | D80: 11.6 | E80: FONDEADO | F80: CALLAO | I80: 0 | L80: 0 | M80: 1.2083333 | N80: 0.96666667 | O80: 2.175 | Q80: 271.19583 | R80: 0 | S80: 0 | T80: 0 | U80: 0 | V80: 0 | W80: 0 | Y80: 75.35 | AB80: 100 | AE80: 100 | AH80: 100 | AK80: 100
A81: V052-20 | B81: 43841 | C81: 0.55416667 | D81: 5.3 | E81: FONDEADO | F81: ANCLA ARRIBA CALLAO | I81: 0 | L81: 0 | M81: 0.55208333 | N81: 0.44166667 | O81: 0.99375 | Q81: 270.20208 | R81: 0 | S81: 0 | T81: 0 | U81: 0 | V81: 0 | W81: 0 | Y81: 75.35 | AB81: 100 | AE81: 100 | AH81: 100 | AK81: 100
A82: V052-20 | B82: 43841 | C82: 0.65416667 | D82: 2.4 | E82: MANIOBRA | F82: TCM CALLAO | I82: 0 | L82: 0.3 | M82: 0.25 | N82: 0.2 | O82: 0.75 | Q82: 269.45208 | R82: 0 | S82: 0 | T82: 0 | U82: 0 | V82: 0 | W82: 0 | Y82: 75.35 | AB82: 100 | AE82: 100 | AH82: 100 | AK82: 100
A83: V052-20 | B83: 43841 | C83: 0.9125 | D83: 6.2 | E83: OTRAS ACT. | F83: INICIO CARGA CALLAO | I83: 0 | L83: 0 | M83: 0.64583333 | N83: 0.51666667 | O83: 1.1625 | Q83: 268.28958 | R83: 0 | S83: 0 | T83: 0 | U83: 0 | V83: 0 | W83: 0 | Y83: 75.35 | AB83: 100 | AE83: 100 | AH83: 100 | AK83: 100
A84: V052-20 | B84: 43842 | C84: 0.33333333 | D84: 10.1 | E84: CARGANDO | F84: CALLAO | I84: 0 | L84: 0 | M84: 1.0520833 | N84: 0.84166667 | O84: 1.89375 | Q84: 266.39583 | R84: 0 | S84: 0 | T84: 0 | U84: 0 | V84: 0 | W84: 0 | Y84: 75.35 | AB84: 100 | AE84: 100 | AH84: 100 | AK84: 100
A85: V052-20 | B85: 43843 | C85: 0.33333333 | D85: 24 | E85: CARGANDO | F85: CALLAO | I85: 0 | L85: 0 | M85: 2.5 | N85: 2 | O85: 4.5 | Q85: 261.89583 | R85: 0 | S85: 0 | T85: 0 | U85: 0 | V85: 0 | W85: 0 | Y85: 75.35 | AB85: 100 | AE85: 100 | AH85: 100 | AK85: 100
A86: V052-20 | B86: 43843 | C86: 0.6375 | D86: 7.3 | E86: CARGANDO | F86: TERMINO CARGA CALLAO | I86: 0 | L86: 0 | M86: 0.76041667 | N86: 0.60833333 | O86: 1.36875 | Q86: 260.52708 | R86: 0 | S86: 0 | T86: 0 | U86: 0 | V86: 0 | W86: 0 | Y86: 75.35 | AB86: 100 | AE86: 100 | AH86: 100 | AK86: 100
A87: V052-20 | B87: 43843 | C87: 0.8125 | D87: 4.2 | E87: OTRAS ACT. | F87: ANCLA ARRIBA CALLAO | I87: 0 | L87: 0 | M87: 0.4375 | N87: 0.35 | O87: 0.7875 | Q87: 259.73958 | R87: 0 | S87: 0 | T87: 0 | U87: 0 | V87: 0 | W87: 0 | Y87: 75.35 | AB87: 100 | AE87: 100 | AH87: 100 | AK87: 100
A88: V052-20 | B88: 43843 | C88: 0.84166667 | D88: 0.7 | E88: MANIOBRA | F88: TCM CALLAO | I88: 0 | L88: 0.058333333 | M88: 0.072916667 | N88: 0.058333333 | O88: 0.18958333 | Q88: 259.55 | R88: 0 | S88: 0 | T88: 0 | U88: 0 | V88: 0 | W88: 0 | Y88: 75.35 | AB88: 100 | AE88: 100 | AH88: 100 | AK88: 100
... A90: V052-20 | B90: 43844 | C90: 0.32083333 | D90: 0.4 | E90: MANIOBRA | F90: INICIO VIAJE SUPE | I90: 0 | L90: 0.083333333 | M90: 0.041666667 | N90: 0.033333333 | O90: 0.15833333 | Q90: 257.31042 | R90: 0 | S90: 0 | T90: 0 | U90: 0 | V90: 0 | W90: 0 | Y90: 75.35 | AB90: 100 | AE90: 100 | AH90: 100 | AK90: 100
A91: V052-20 | B91: 43844 | C91: 0.33333333 | D91: 0.3 | E91: NAVEGANDO CON CARGA | F91: SUPE | I91: 0 | J91: S2 | K91: 95 | L91: 0.275 | M91: 0.03125 | N91: 0 | O91: 0.30625 | Q91: 257.00417 | R91: 0 | S91: 0 | T91: 0 | U91: 0 | V91: 0 | W91: 0 | Y91: 75.35 | AB91: 100 | AE91: 100 | AH91: 100 | AK91: 100
A92: V052-20 | B92: 43844 | C92: 0.64583333 | D92: 7.5 | E92: NAVEGANDO CON CARGA | F92: ARRIBO SUPE | G92: 91 | H92: 7.8 | I92: 11.666667 | J92: S 2 | K92: 95 | L92: 6.875 | M92: 0.78125 | N92: 0 | O92: 7.65625 | Q92: 249.34792 | R92: 0 | S92: 0 | T92: 0 | U92: 0 | V92: 0 | W92: 0 | Y92: 75.35 | AB92: 100 | AE92: 100 | AH92: 100 | AK92: 100
A93: V052-20 | B93: 43844 | C93: 0.65416667 | D93: 0.2 | E93: MANIOBRA | F93: TCM SUPE | I93: 0 | L93: 0.041666667 | M93: 0.020833333 | N93: 0.016666667 | O93: 0.079166667 | Q93: 249.26875 | R93: 0 | S93: 0 | T93: 0 | U93: 0 | V93: 0 | W93: 0 | Y93: 75.35 | AB93: 100 | AE93: 100 | AH93: 100 | AK93: 100
A94: V052-20 | B94: 43844 | C94: 0.86666667 | D94: 5.1 | E94: FONDEADO | F94: ANCLA ARRIBA SUPE | I94: 0 | L94: 0 | M94: 0.53125 | N94: 0.425 | O94: 0.95625 | Q94: 248.3125 | R94: 0 | S94: 0 | T94: 0 | U94: 0 | V94: 0 | W94: 0 | Y94: 75.35 | AB94: 100 | AE94: 100 | AH94: 100 | AK94: 100
A95: V052-20 | B95: 43844 | C95: 0.94166667 | D95: 1.8 | E95: MANIOBRA | F95: TCM SUPE | I95: 0 | L95: 0.15 | M95: 0.1875 | N95: 0.15 | O95: 0.4875 | Q95: 247.825 | R95: 0 | S95: 0 | T95: 0 | U95: 0 | V95: 0 | W95: 0 | Y95: 75.35 | AB95: 100 | AE95: 100 | AH95: 100 | AK95: 100
A96: V052-20 | B96: 43844 | C96: 0.99583333 | D96: 1.3 | E96: OTRAS ACT. | F96: INICIO DESCARGA SUPE | I96: 0 | L96: 0 | M96: 0.14583333 | N96: 0.11666667 | O96: 0.2625 | Q96: 247.5625 | R96: 0 | S96: 0 | T96: 0 | U96: 0 | V96: 0 | W96: 0 | Y96: 75.35 | AB96: 100 | AE96: 100 | AH96: 100 | AK96: 100
A97: V052-20 | B97: 43845 | C97: 0.33333333 | D97: 8.1 | E97: DESCARGANDO | F97: SUPE | I97: 0 | L97: 0 | M97: 0.83333333 | N97: 0.66666667 | O97: 1.5 | Q97: 246.0625 | R97: 0 | S97: 0 | T97: 0 | U97: 0 | V97: 1.3 | W97: 1.3 | Y97: 74.05 | AB97: 100 | AE97: 100 | AH97: 100 | AK97: 100
A98: V052-20 | B98: 43845 | C98: 0.42083333 | D98: 2.1 | E98: DESCARGANDO | F98: TERMINO DESCARGA SUPE | I98: 0 | L98: 0 | M98: 0.21875 | N98: 0.175 | O98: 0.39375 | Q98: 245.66875 | R98: 0 | S98: 0 | T98: 0 | U98: 0 | V98: 0.3 | W98: 0.3 | Y98: 73.75 | AB98: 100 | AE98: 100 | AH98: 100 | AK98: 100
A99: V052-20 | B99: 43845 | C99: 0.575 | D99: 3.7 | E99: OTRAS ACT. | F99: ANCLA ARRIBA SUPE | I99: 0 | L99: 0 | M99: 0.38541667 | N99: 0.30833333 | O99: 0.69375 | Q99: 244.975 | R99: 0 | S99: 0 | T99: 0 | U99: 0 | V99: 0 | W99: 0 | Y99: 73.75 | AB99: 100 | AE99: 100 | AH99: 100 | AK99: 100
A100: V052-20 | B100: 43845 | C100: 0.60416667 | D100: 0.7 | E100: MANIOBRA | F100: INICIO VIAJE ETEN | I100: 0 | L100: 0.058333333 | M100: 0.072916667 | N100: 0.058333333 | O100: 0.18958333 | Q100: 244.78542 | R100: 0 | S100: 0 | T100: 0 | U100: 0 | V100: 0 | W100: 0 | Y100: 73.75 | AB100: 100 | AE100: 100 | AH100: 100 | AK100: 100
A101: V052-20 | B101: 43846 | C101: 0.33333333 | D101: 17.5 | E101: NAVEGANDO CON CARGA | F101: ETEN | I101: 0 | J101: S2 | K101: 95 | L101: 16.041667 | M101: 1.8229167 | N101: 0 | O101: 17.864583 | Q101: 226.92083 | R101: 0 | S101: 0 | T101: 0 | U101: 0 | V101: 0 | W101: 0 | Y101: 73.75 | AB101: 100 | AE101: 100 | AH101: 100 | AK101: 100
A102: V052-20 | B102: 43846 | C102: 0.54166667 | D102: 5 | E102: NAVEGANDO CON CARGA | F102: ARRIBO A ETEN | G102: 266 | H102: 22.5 | I102: 11.822222 | J102: S 2 | K102: 95 | L102: 4.5833333 | M102: 0.52083333 | N102: 0 | O102: 5.1041667 | Q102: 221.81667 | R102: 0 | S102: 0 | T102: 0 | U102: 0 | V102: 0 | W102: 0 | Y102: 73.75 | AB102: 100 | AE102: 100 | AH102: 100 | AK102: 100
A103: V052-20 | B103: 43846 | C103: 0.5625 | D103: 0.5 | E103: MANIOBRA | F103: TCM ETEN | I103: 0 | L103: 0.041666667 | M103: 0.052083333 | N103: 0.041666667 | O103: 0.13541667 | Q103: 221.68125 | R103: 0 | S103: 0 | T103: 0 | U103: 0 | V103: 0 | W103: 0 | Y103: 73.75 | AB103: 100 | AE103: 100 | AH103: 100 | AK103: 100
A104: V052-20 | B104: 43847 | C104: 0.33333333 | D104: 18.5 | E104: FONDEADO | F104: ETEN | I104: 0 | L104: 0 | M104: 1.9270833 | N104: 1.5416667 | O104: 3.46875 | Q104: 218.2125 | R104: 0 | S104: 0 | T104: 0 | U104: 0 | V104: 0 | W104: 0 | Y104: 73.75 | AB104: 100 | AE104: 100 | AH104: 100 | AK104: 100
A105: V052-20 | B105: 43848 | C105: 0.28333333 | D105: 22.8 | E105: FONDEADO | F105: ANCLA ARRIBA ETEN | I105: 0 | L105: 0 | M105: 2.375 | N105: 1.9 | O105: 4.275 | Q105: 213.9375 | R105: 0 | S105: 0 | T105: 0 | U105: 0 | V105: 0 | W105: 0 | Y105: 73.75 | AB105: 100 | AE105: 100 | AH105: 100 | AK105: 100
A106: V052-20 | B106: 43848 | C106: 0.33333333 | D106: 1.2 | E106: MANIOBRA | F106: ETEN | I106: 0 | L106: 0.1 | M106: 0.125 | N106: 0.1 | O106: 0.325 | Q106: 213.6125 | R106: 0 | S106: 0 | T106: 0 | U106: 0 | V106: 0 | W106: 0 | Y106: 73.75 | AB106: 100 | AE106: 100 | AH106: 100 | AK106: 100
A107: V052-20 | B107: 43848 | C107: 0.35416667 | D107: 0.5 | E107: MANIOBRA | F107: TCM ETEN | I107: 0 | L107: 0.041666667 | M107: 0.052083333 | N107: 0.041666667 | O107: 0.13541667 | Q107: 213.47708 | R107: 0 | S107: 0 | T107: 0 | U107: 0 | V107: 0 | W107: 0 | Y107: 73.75 | AB107: 100 | AE107: 100 | AH107: 100 | AK107: 100
A108: V052-20 | B108: 43848 | C108: 0.47916667 | D108: 3 | E108: OTRAS ACT. | F108: INICiA DESCARGA ETEN | I108: 0 | L108: 0 | M108: 0.3125 | N108: 0.25 | O108: 0.5625 | Q108: 212.91458 | R108: 0 | S108: 0 | T108: 0 | U108: 0 | V108: 0 | W108: 0 | Y108: 73.75 | AB108: 100 | AE108: 100 | AH108: 100 | AK108: 100
A109: V052-20 | B109: 43849 | C109: 0.33333333 | D109: 20.5 | E109: DESCARGANDO | F109: ETEN | I109: 0 | L109: 0 | M109: 2.1354167 | N109: 1.7083333 | O109: 3.84375 | Q109: 209.07083 | R109: 0 | S109: 0 | T109: 0 | U109: 0 | V109: 3.35 | W109: 3.35 | Y109: 70.4 | AB109: 100 | AE109: 100 | AH109: 100 | AK109: 100
A110: V052-20 | B110: 43849 | C110: 0.4875 | D110: 3.7 | E110: DESCARGANDO | F110: TERMINO DESCARGA ETEN | I110: 0 | L110: 0 | M110: 0.38541667 | N110: 0.30833333 | O110: 0.69375 | Q110: 208.37708 | R110: 0 | S110: 0 | T110: 0 | U110: 0 | V110: 0.6 | W110: 0.6 | Y110: 69.8 | AB110: 100 | AE110: 100 | AH110: 100 | AK110: 100
A111: V052-20 | B111: 43849 | C111: 0.625 | D111: 3.3 | E111: OTRAS ACT. | F111: ANCLA ARRIBA ETEN | I111: 0 | L111: 0 | M111: 0.34375 | N111: 0.275 | O111: 0.61875 | Q111: 207.75833 | R111: 0 | S111: 0 | T111: 0 | U111: 0 | V111: 0 | W111: 0 | Y111: 69.8 | AB111: 100 | AE111: 100 | AH111: 100 | AK111: 100
A112: V052-20 | B112: 43849 | C112: 0.64583333 | D112: 0.5 | E112: MANIOBRA | F112: INICIO DE VIAJE SALAVERRY | I112: 0 | J112: S2 | K112: 95 | L112: 0.10416667 | M112: 0.052083333 | N112: 0.041666667 | O112: 0.19791667 | Q112: 207.56042 | R112: 0 | S112: 0 | T112: 0 | U112: 0 | V112: 0 | W112: 0 | Y112: 69.8 | AB112: 100 | AE112: 100 | AH112: 100 | AK112: 100
A113: V052-20 | B113: 43850 | C113: 0.0125 | D113: 8.8 | E113: NAVEGANDO CON CARGA | F113: ARRIBO SALAVERRY | G113: 96 | H113: 8.8 | I113: 10.909091 | J113: S 2 | K113: 95 | L113: 8.0666667 | M113: 0.91666667 | N113: 0 | O113: 8.9833333 | Q113: 198.57708 | R113: 0 | S113: 0 | T113: 0 | U113: 0 | V113: 0 | W113: 0 | Y113: 69.8 | AB113: 100 | AE113: 100 | AH113: 100 | AK113: 100
A114: V052-20 | B114: 43850 | C114: 0.1 | D114: 2.1 | E114: MANIOBRA | F114: TCM SALAVERRY | I114: 0 | L114: 0.175 | M114: 0.21875 | N114: 0.175 | O114: 0.56875 | Q114: 198.00833 | R114: 0 | S114: 0 | T114: 0 | U114: 0 | V114: 0 | W114: 0 | Y114: 69.8 | AB114: 100 | AE114: 100 | AH114: 100 | AK114: 100
A115: V052-20 | B115: 43850 | C115: 0.3 | D115: 4.8 | E115: OTRAS ACT. | F115: INICIO DESCARGA SALAVERRY | I115: 0 | L115: 0 | M115: 0.5 | N115: 0.4 | O115: 0.9 | Q115: 197.10833 | R115: 0 | S115: 0 | T115: 0 | U115: 0 | V115: 0 | W115: 0 | Y115: 69.8 | AB115: 100 | AE115: 100 | AH115: 100 | AK115: 100
A116: V052-20 | B116: 43850 | C116: 0.33333333 | D116: 0.8 | E116: DESCARGANDO | F116: SALAVERRY | I116: 0 | L116: 0 | M116: 0.083333333 | N116: 0.066666667 | O116: 0.15 | Q116: 196.95833 | R116: 0 | S116: 0 | T116: 0 | U116: 0 | V116: 0.1 | W116: 0.1 | Y116: 69.7 | AB116: 100 | AE116: 100 | AH116: 100 | AK116: 100
A117: V052-20 | B117: 43850 | C117: 0.90833333 | D117: 13.8 | E117: DESCARGANDO | F117: TERMINO DESCARGA SALAVERRY | I117: 0 | L117: 0 | M117: 1.4375 | N117: 1.15 | O117: 2.5875 | Q117: 194.37083 | R117: 0 | S117: 0 | T117: 0 | U117: 0 | V117: 2.3 | W117: 2.3 | Y117: 67.4 | AB117: 100 | AE117: 100 | AH117: 100 | AK117: 100
A118: V052-20 | B118: 43851 | C118: 0.025 | D118: 2.8 | E118: OTRAS ACT. | F118: ANCLA ARRIBA SALAVERRY | I118: 0 | L118: 0 | M118: 0.29166667 | N118: 0.23333333 | O118: 0.525 | Q118: 193.84583 | R118: 0 | S118: 0 | T118: 0 | U118: 0 | V118: 0 | W118: 0 | Y118: 67.4 | AB118: 100 | AE118: 100 | AH118: 100 | AK118: 100
A119: V052-20 | B119: 43851 | C119: 0.05 | D119: 0.6 | E119: MANIOBRA | F119: INICIO VIAJE CHIMBOTE | I119: 0 | J119: S2 | K119: 95 | L119: 0.125 | M119: 0.0625 | N119: 0.05 | O119: 0.2375 | Q119: 193.60833 | R119: 0 | S119: 0 | T119: 0 | U119: 0 | V119: 0 | W119: 0 | Y119: 67.4 | AB119: 100 | AE119: 100 | AH119: 100 | AK119: 100
A120: V052-20 | B120: 43851 | C120: 0.3 | D120: 6 | E120: NAVEGANDO CON CARGA | F120: ARRIBO CHIMBOTE | G120: 62 | H120: 6 | I120: 10.333333 | J120: S 2 | K120: 95 | L120: 5.5 | M120: 0.625 | N120: 0 | O120: 6.125 | Q120: 187.48333 | R120: 0 | S120: 0 | T120: 0 | U120: 0 | V120: 0 | W120: 0 | Y120: 67.4 | AB120: 100 | AE120: 100 | AH120: 100 | AK120: 100
A121: V052-20 | B121: 43851 | C121: 0.33333333 | D121: 0.8 | E121: MANIOBRA | F121: CHIMBOTE | I121: 0 | L121: 0.066666667 | M121: 0.083333333 | N121: 0.066666667 | O121: 0.21666667 | Q121: 187.26667 | R121: 0 | S121: 0 | T121: 0 | U121: 0 | V121: 0 | W121: 0 | Y121: 67.4 | AB121: 100 | AE121: 100 | AH121: 100 | AK121: 100
A122: V052-20 | B122: 43851 | C122: 0.4375 | D122: 2.5 | E122: MANIOBRA | F122: TCM CHIMBOTE | I122: 0 | L122: 0.20833333 | M122: 0.26041667 | N122: 0.20833333 | O122: 0.67708333 | Q122: 186.58958 | R122: 0 | S122: 0 | T122: 0 | U122: 0 | V122: 0 | W122: 0 | Y122: 67.4 | AB122: 100 | AE122: 100 | AH122: 100 | AK122: 100
A123: V052-20 | B123: 43851 | C123: 0.975 | D123: 12.9 | E123: DESCARGANDO | F123: CHIMBOTE | I123: 0 | L123: 0 | M123: 1.34375 | N123: 1.075 | O123: 2.41875 | Q123: 184.17083 | R123: 0 | S123: 0 | T123: 0 | U123: 0 | V123: 2.1 | W123: 2.1 | Y123: 65.3 | AB123: 100 | AE123: 100 | AH123: 100 | AK123: 100
A124: V052-20 | B124: 43852 | C124: 0.11666667 | D124: 3.4 | E124: OTRAS ACT. | F124: ANCLA ARRIBA CHIMBOTE | I124: 0 | L124: 0 | M124: 0.35416667 | N124: 0.28333333 | O124: 0.6375 | Q124: 183.53333 | R124: 0 | S124: 0 | T124: 0 | U124: 0 | V124: 0 | W124: 0 | Y124: 65.3 | AB124: 100 | AE124: 100 | AH124: 100 | AK124: 100
A125: V052-20 | B125: 43852 | C125: 0.15416667 | D125: 0.9 | E125: MANIOBRA | F125: INICIO VIAJE CALLAO | I125: 0 | J125: S2 | K125: 95 | L125: 0.1875 | M125: 0.09375 | N125: 0.075 | O125: 0.35625 | Q125: 183.17708 | R125: 0 | S125: 0 | T125: 0 | U125: 0 | V125: 0 | W125: 0 | Y125: 65.3 | AB125: 100 | AE125: 100 | AH125: 100 | AK125: 100
A126: V052-20 | B126: 43852 | C126: 0.33333333 | D126: 4.3 | E126: NAVEGANDO EN LASTRE | F126: CALLAO | I126: 0 | J126: S2 | K126: 95 | L126: 3.9416667 | M126: 0.44791667 | N126: 0 | O126: 4.3895833 | Q126: 178.7875 | R126: 0 | S126: 0 | T126: 0 | U126: 0 | V126: 0 | W126: 0 | Y126: 65.3 | AB126: 100 | AE126: 100 | AH126: 100 | AK126: 100
A127: V052-20 | B127: 43852 | C127: 0.85416667 | D127: 12.5 | E127: NAVEGANDO EN LASTRE | F127: ARRIBO CALLAO | G127: 201 | H127: 16.8 | I127: 11.964286 | J127: S 2 | K127: 95 | L127: 11.458333 | M127: 1.3020833 | N127: 0 | O127: 12.760417 | Q127: 166.02708 | R127: 0 | S127: 0 | T127: 0 | U127: 0 | V127: 0 | W127: 0 | Y127: 65.3 | AB127: 100 | AE127: 100 | AH127: 100 | AK127: 100
A128: V053-20 | B128: 43852 | C128: 0.875 | D128: 0.5 | E128: MANIOBRA | F128: CALLAO | I128: 0 | L128: 0.10416667 | M128: 0.052083333 | N128: 0.041666667 | O128: 0.19791667 | Q128: 165.82208 | R128: 0 | S128: 0 | T128: 0 | U128: 0 | V128: 0 | W128: 0 | Y128: 65.3 | AB128: 100 | AE128: 100 | AH128: 100 | AK128: 100
...

Sheet GRAFICA 
AE12: =CONCATENATE("VELOCIDAD EN ",D53) -> VELOCIDAD EN NAVEGACION ECONOMICA
A15: VELOCIDAD
A22: CARGANDO
A23: DESCARGANDO | C23: ACTIVIDAD | D23: CARGANDO
A24: NAVEGANDO EN LASTRE | C24: VIAJE | D24: V051-20 | E24: V052-20 | F24: V053-20 | G24: V054-20 | H24: V055-20 | I24: V056-20 | J24: V057-20 | K24: VIAJE 8 | L24: VIAJE 9 | M24: VIAJE 10 | N24: VIAJE 11 | O24: VIAJE 12
A25: NAVEGANDO CON CARGA | C25: CONSUMO CONTRATO | D25: =IF($D$23='V051-19'!$R$82,'V051-19'!$U$82,VLOOKUP($D$23,'V051-19'!$C$81:$N$89,8,FALSE)) -> 4.5 | E25: =IF($D$23='V052-20'!$Q$62,'V052-20'!$T$62,VLOOKUP($D$23,'V052-20'!$C$61:$N$69,8,FALSE)) -> 4.5 | F25: =IF($D$23='V053-20'!$R$57,'V053-20'!$U$57,VLOOKUP($D$23,'V053-20'!$C$56:$N$64,8,FALSE)) -> 4.5 | G25: =IF($D$23='V054-20'!$R$54,'V054-20'!$U$54,VLOOKUP($D$23,'V054-20'!$C$53:$N$61,8,FALSE)) -> 4.5 | H25: =IF($D$23='V055-20'!$R$63,'V055-20'!$U$63,VLOOKUP($D$23,'V055-20'!$C$62:$N$70,8,FALSE)) -> 4.5 | I25: =IF($D$23='V056-20'!$R$82,'V056-20'!$U$82,VLOOKUP($D$23,'V056-20'!$C$81:$N$89,8,FALSE)) -> 4.5 | J25: =IF($D$23=#REF!,#REF!,VLOOKUP($D$23,#REF!,8,FALSE)) -> #REF! | K25: =IF($D$23=#REF!,#REF!,VLOOKUP($D$23,#REF!,8,FALSE)) -> #REF! | L25: =IF($D$23=#REF!,#REF!,VLOOKUP($D$23,#REF!,8,FALSE)) -> #REF! | M25: =IF($D$23=#REF!,#REF!,VLOOKUP($D$23,#REF!,8,FALSE)) -> #REF! | N25: =IF($D$23=#REF!,#REF!,VLOOKUP($D$23,#REF!,8,FALSE)) -> #REF! | O25: =IF($D$23=#REF!,#REF!,VLOOKUP($D$23,#REF!,8,FALSE)) -> #REF!
A26: FONDEADO | C26: CONSUMO VIAJE | D26: =IF($D$23='V051-19'!$R$82,'V051-19'!$T$82,VLOOKUP($D$23,'V051-19'!C81:N89,7,FALSE)) -> 7.0501792 | E26: =IF($D$23='V052-20'!$Q$62,'V052-20'!$S$62,VLOOKUP($D$23,'V052-20'!$C$61:$N$69,7,FALSE)) -> 4.5 | F26: =IF($D$23='V053-20'!$R$57,'V053-20'!$T$57,VLOOKUP($D$23,'V053-20'!$C$56:$N$64,8,FALSE)) -> 4.5 | G26: =IF($D$23='V054-20'!$R$54,'V054-20'!$T$54,VLOOKUP($D$23,'V054-20'!C53:N61,7,FALSE)) -> 4 | H26: =IF($D$23='V055-20'!$R$63,'V055-20'!$T$63,VLOOKUP($D$23,'V055-20'!$C$62:$N$70,7,FALSE)) -> 4.5 | I26: =IF($D$23='V056-20'!$R$82,'V056-20'!$T$82,VLOOKUP($D$23,'V056-20'!$C$81:$N$89,7,FALSE)) -> 4.5 | J26: =IF($D$23=#REF!,#REF!,VLOOKUP($D$23,#REF!,7,FALSE)) -> #REF! | K26: =IF($D$23=#REF!,#REF!,VLOOKUP($D$23,#REF!,7,FALSE)) -> #REF! | L26: =IF($D$23=#REF!,#REF!,VLOOKUP($D$23,#REF!,7,FALSE)) -> #REF! | M26: =IF($D$23=#REF!,#REF!,VLOOKUP($D$23,#REF!,7,FALSE)) -> #REF! | N26: =IF($D$23=#REF!,#REF!,VLOOKUP($D$23,#REF!,7,FALSE)) -> #REF! | O26: =IF($D$23=#REF!,#REF!,VLOOKUP($D$23,#REF!,7,FALSE)) -> #REF!
A27: MANIOBRA
A28: OTRAS ACT.
A29: GAS INERT
A32: NAVEGANDO EN LASTRE
A33: NAVEGANDO CON CARGA
C53: ACTIVIDAD | D53: NAVEGACION ECONOMICA
C54: VIAJE | D54: V051-20 | E54: V052-20 | F54: V053-20 | G54: V054-20 | H54: V055-20 | I54: V056-20 | J54: V057-20 | K54: VIAJE 8 | L54: VIAJE 9 | M54: VIAJE 10 | N54: VIAJE 11 | O54: VIAJE 12
C55: VELOCIDAD CONTRATO | D55: =VLOOKUP($D$53,'V051-19'!$C$81:$N$89,5,FALSE) -> 12 | E55: =VLOOKUP($D$53,'V052-20'!$C$61:$N$69,5,FALSE) -> 12 | F55: =VLOOKUP($D$53,'V053-20'!$C$56:$N$64,5,FALSE) -> 12 | G55: =VLOOKUP($D$53,'V054-20'!$C$53:$N$61,5,FALSE) -> 12 | H55: =VLOOKUP($D$53,'V055-20'!$C$62:$N$70,5,FALSE) -> 12 | I55: =VLOOKUP($D$53,'V056-20'!$C$81:$N$89,5,FALSE) -> 12 | J55: =VLOOKUP($D$53,#REF!,5,FALSE) -> #REF! | K55: =VLOOKUP($D$53,#REF!,5,FALSE) -> #REF! | L55: =VLOOKUP($D$53,#REF!,5,FALSE) -> #REF! | M55: =VLOOKUP($D$53,#REF!,5,FALSE) -> #REF! | N55: =VLOOKUP($D$53,#REF!,5,FALSE) -> #REF! | O55: =VLOOKUP($D$53,#REF!,5,FALSE) -> #REF!
C56: VELOCIDAD VIAJE | D56: =VLOOKUP($D$53,'V051-19'!$C$81:$N$89,4,FALSE) -> 0 | E56: =VLOOKUP($D$53,'V052-20'!$C$61:$N$69,4,FALSE) -> 0 | F56: =VLOOKUP($D$53,'V053-20'!$C$56:$N$64,4,FALSE) -> 0 | G56: =VLOOKUP($D$53,'V054-20'!C53:N61,4,FALSE) -> 0 | H56: =VLOOKUP($D$53,'V055-20'!$C$62:$N$70,4,FALSE) -> 0 | I56: =VLOOKUP($D$53,'V056-20'!$C$81:$N$89,4,FALSE) -> 0 | J56: =VLOOKUP($D$53,#REF!,4,FALSE) -> #REF! | K56: =VLOOKUP($D$53,#REF!,4,FALSE) -> #REF! | L56: =VLOOKUP($D$53,#REF!,4,FALSE) -> #REF! | M56: =VLOOKUP($D$53,#REF!,4,FALSE) -> #REF! | N56: =VLOOKUP($D$53,#REF!,4,FALSE) -> #REF! | O56: =VLOOKUP($D$53,#REF!,4,FALSE) -> #REF!

Sheet V051-19
G3: DATOS DE NAVEGACION | L3: CONSUMO VLSFO | R3: CONSUMO MGO | Z3: CONSUMO LUBRICANTES EN LTS
A4: INICIO | B4: 43821 | C4: 0.66666667 | L4: VIAJE ANTERIO | Q4: 83 | R4: VIAJE ANTERIOR | Y4: 20.9 | AA4: VIAJE ANT | AB4: 100 | AD4: VIAJE ANT | AE4: 100 | AG4: VIAJE ANT | AH4: 100 | AJ4: VIAJE ANT | AK4: 100
A5: VIAJE | B5: FECHA | C5: HORA | D5: TIEMPO Hrs | E5: ACTIVIDAD REALIZADA | F5: REFERENCIA | G5: DISTANCIA POR CARTA | H5: TIEMPO DE NAVEGACION | I5: VELOCIDAD | J5: BEAUFORT | K5: RPM | L5: MPAL | M5: AUX. | N5: CALDERA | O5: TOTAL | P5: FAENA | Q5: ROB | R5: MPAL2 | S5: AUX | T5: CALDERA | U5: PP | V5: GI | W5: TOTAL | X5: FAENA2 | Y5: ROB | Z5: CYLINDER MP | AA5: FAENA EN LTS | AB5: CYLINDER MP ROB EN LTS | AC5: CARTER MP. | AD5: FAENA EN LTS2 | AE5: CARTER MP. ROB EN LTS | AF5: MOT AUX | AG5: FAENA EN LTS | AH5: MOT AUX ROB EN LTS | AI5: HIDRAULICO | AJ5: FAENA EN LTS3 | AK5: HIDRAULICO ROB EN LTS
A6: V051-19 | B6: 43821 | C6: 0.6875 | D6: =IF(V051_20[[#This Row],[FECHA]]-B4=1,((V051_20[[#This Row],[HORA]]-C4)*24)+24,(V051_20[[#This Row],[HORA]]-C4)*24) -> 0.5 | E6: MANIOBRA | F6: FONDO CALLAO | I6: =IF(ISERROR(V051_20[[#This Row],[DISTANCIA POR CARTA]]/V051_20[[#This Row],[TIEMPO DE NAVEGACION]]),0,V051_20[[#This Row],[DISTANCIA POR CARTA]]/V051_20[[#This Row],[TIEMPO DE NAVEGACION]]) -> 0 | L6: 0.20833333 | M6: 0.052083333 | N6: 0.052083333 | O6: =SUM(V051_20[[#This Row],[MPAL]:[CALDERA]]) -> 0.3125 | Q6: =(Q4-V051_20[[#This Row],[TOTAL ]])+V051_20[[#This Row],[FAENA]] -> 82.6875 | R6: 0 | S6: 0 | T6: 0 | U6: 0 | V6: 0 | W6: =SUM(V051_20[[#This Row],[MPAL2]:[GI]]) -> 0 | Y6: =(Y4-V051_20[[#This Row],[TOTAL]])+V051_20[[#This Row],[FAENA2]] -> 20.9 | AB6: =(AB4-V051_20[[#This Row],[CYLINDER MP]])+V051_20[[#This Row],[FAENA EN LTS]] -> 100 | AE6: =(AE4-V051_20[[#This Row],[CARTER MP.]])+V051_20[[#This Row],[FAENA EN LTS2]] -> 100 | AH6: =(AH4-V051_20[[#This Row],[MOT AUX]])+V051_20[[#This Row],[FAENA EN LTS]] -> 100 | AK6: =(AK4-V051_20[[#This Row],[HIDRAULICO]])+V051_20[[#This Row],[FAENA EN LTS3]] -> 100
A7: V051-19 | B7: 43822 | C7: 0.33333333 | D7: =IF(V051_20[[#This Row],[FECHA]]-B6=1,((V051_20[[#This Row],[HORA]]-C6)*24)+24,(V051_20[[#This Row],[HORA]]-C6)*24) -> 15.5 | E7: FONDEADO | F7: FONDEADO | I7: =IF(ISERROR(V051_20[[#This Row],[DISTANCIA POR CARTA]]/V051_20[[#This Row],[TIEMPO DE NAVEGACION]]),0,V051_20[[#This Row],[DISTANCIA POR CARTA]]/V051_20[[#This Row],[TIEMPO DE NAVEGACION]]) -> 0 | L7: 0 | M7: 1.6145833 | N7: 1.6145833 | O7: =SUM(V051_20[[#This Row],[MPAL]:[CALDERA]]) -> 3.2291667 | Q7: =(Q6-V051_20[[#This Row],[TOTAL ]])+V051_20[[#This Row],[FAENA]] -> 79.458333 | R7: 0 | S7: 0 | T7: 0 | U7: 0 | V7: 0 | W7: =SUM(V051_20[[#This Row],[MPAL2]:[GI]]) -> 0 | Y7: =(Y6-V051_20[[#This Row],[TOTAL]])+V051_20[[#This Row],[FAENA2]] -> 20.9 | AB7: =(AB6-V051_20[[#This Row],[CYLINDER MP]])+V051_20[[#This Row],[FAENA EN LTS]] -> 100 | AE7: =(AE6-V051_20[[#This Row],[CARTER MP.]])+V051_20[[#This Row],[FAENA EN LTS2]] -> 100 | AH7: =(AH6-V051_20[[#This Row],[MOT AUX]])+V051_20[[#This Row],[FAENA EN LTS]] -> 100 | AK7: =(AK6-V051_20[[#This Row],[HIDRAULICO]])+V051_20[[#This Row],[FAENA EN LTS3]] -> 100
A8: V051-19 | B8: 43822 | C8: 0.42916667 | D8: =IF(V051_20[[#This Row],[FECHA]]-B7=1,((V051_20[[#This Row],[HORA]]-C7)*24)+24,(V051_20[[#This Row],[HORA]]-C7)*24) -> 2.3 | E8: FONDEADO | F8: ANCLA ARRIBA | I8: =IF(ISERROR(V051_20[[#This Row],[DISTANCIA POR CARTA]]/V051_20[[#This Row],[TIEMPO DE NAVEGACION]]),0,V051_20[[#This Row],[DISTANCIA POR CARTA]]/V051_20[[#This Row],[TIEMPO DE NAVEGACION]]) -> 0 | L8: 0 | M8: 0.23958333 | N8: 0.23958333 | O8: =SUM(V051_20[[#This Row],[MPAL]:[CALDERA]]) -> 0.47916667 | Q8: =(Q7-V051_20[[#This Row],[TOTAL ]])+V051_20[[#This Row],[FAENA]] -> 78.979167 | R8: 0 | S8: 0 | T8: 0 | U8: 0 | V8: 0 | W8: =SUM(V051_20[[#This Row],[MPAL2]:[GI]]) -> 0 | Y8: =(Y7-V051_20[[#This Row],[TOTAL]])+V051_20[[#This Row],[FAENA2]] -> 20.9 | AB8: =(AB7-V051_20[[#This Row],[CYLINDER MP]])+V051_20[[#This Row],[FAENA EN LTS]] -> 100 | AE8: =(AE7-V051_20[[#This Row],[CARTER MP.]])+V051_20[[#This Row],[FAENA EN LTS2]] -> 100 | AH8: =(AH7-V051_20[[#This Row],[MOT AUX]])+V051_20[[#This Row],[FAENA EN LTS]] -> 100 | AK8: =(AK7-V051_20[[#This Row],[HIDRAULICO]])+V051_20[[#This Row],[FAENA EN LTS3]] -> 100
A9: V051-19 | B9: 43822 | C9: 0.49166667 | D9: =IF(V051_20[[#This Row],[FECHA]]-B8=1,((V051_20[[#This Row],[HORA]]-C8)*24)+24,(V051_20[[#This Row],[HORA]]-C8)*24) -> 1.5 | E9: MANIOBRA | F9: INICIO MANIOBRA | I9: =IF(ISERROR(V051_20[[#This Row],[DISTANCIA POR CARTA]]/V051_20[[#This Row],[TIEMPO DE NAVEGACION]]),0,V051_20[[#This Row],[DISTANCIA POR CARTA]]/V051_20[[#This Row],[TIEMPO DE NAVEGACION]]) -> 0 | L9: 0 | M9: 0.15625 | N9: 0.15625 | O9: =SUM(V051_20[[#This Row],[MPAL]:[CALDERA]]) -> 0.3125 | Q9: =(Q8-V051_20[[#This Row],[TOTAL ]])+V051_20[[#This Row],[FAENA]] -> 78.666667 | R9: 0 | S9: 0 | T9: 0 | U9: 0 | V9: 0 | W9: =SUM(V051_20[[#This Row],[MPAL2]:[GI]]) -> 0 | Y9: =(Y8-V051_20[[#This Row],[TOTAL]])+V051_20[[#This Row],[FAENA2]] -> 20.9 | AB9: =(AB8-V051_20[[#This Row],[CYLINDER MP]])+V051_20[[#This Row],[FAENA EN LTS]] -> 100 | AE9: =(AE8-V051_20[[#This Row],[CARTER MP.]])+V051_20[[#This Row],[FAENA EN LTS2]] -> 100 | AH9: =(AH8-V051_20[[#This Row],[MOT AUX]])+V051_20[[#This Row],[FAENA EN LTS]] -> 100 | AK9: =(AK8-V051_20[[#This Row],[HIDRAULICO]])+V051_20[[#This Row],[FAENA EN LTS3]] -> 100
A10: V051-19 | B10: 43822 | C10: 0.525 | D10: =IF(V051_20[[#This Row],[FECHA]]-B9=1,((V051_20[[#This Row],[HORA]]-C9)*24)+24,(V051_20[[#This Row],[HORA]]-C9)*24) -> 0.8 | E10: MANIOBRA | F10: TCM | I10: =IF(ISERROR(V051_20[[#This Row],[DISTANCIA POR CARTA]]/V051_20[[#This Row],[TIEMPO DE NAVEGACION]]),0,V051_20[[#This Row],[DISTANCIA POR CARTA]]/V051_20[[#This Row],[TIEMPO DE NAVEGACION]]) -> 0 | L10: 0.33333333 | M10: 0.083333333 | N10: 0.083333333 | O10: =SUM(V051_20[[#This Row],[MPAL]:[CALDERA]]) -> 0.5 | Q10: =(Q9-V051_20[[#This Row],[TOTAL ]])+V051_20[[#This Row],[FAENA]] -> 78.166667 | R10: 0 | S10: 0 | T10: 0 | U10: 0 | V10: 0 | W10: =SUM(V051_20[[#This Row],[MPAL2]:[GI]]) -> 0 | Y10: =(Y9-V051_20[[#This Row],[TOTAL]])+V051_20[[#This Row],[FAENA2]] -> 20.9 | AB10: =(AB9-V051_20[[#This Row],[CYLINDER MP]])+V051_20[[#This Row],[FAENA EN LTS]] -> 100 | AE10: =(AE9-V051_20[[#This Row],[CARTER MP.]])+V051_20[[#This Row],[FAENA EN LTS2]] -> 100 | AH10: =(AH9-V051_20[[#This Row],[MOT AUX]])+V051_20[[#This Row],[FAENA EN LTS]] -> 100 | AK10: =(AK9-V051_20[[#This Row],[HIDRAULICO]])+V051_20[[#This Row],[FAENA EN LTS3]] -> 100
A11: V051-19 | B11: 43823 | C11: 0.33333333 | D11: =IF(V051_20[[#This Row],[FECHA]]-B10=1,((V051_20[[#This Row],[HORA]]-C10)*24)+24,(V051_20[[#This Row],[HORA]]-C10)*24) -> 19.4 | E11: OTRAS ACT. | F11: CARGANDO | I11: =IF(ISERROR(V051_20[[#This Row],[DISTANCIA POR CARTA]]/V051_20[[#This Row],[TIEMPO DE NAVEGACION]]),0,V051_20[[#This Row],[DISTANCIA POR CARTA]]/V051_20[[#This Row],[TIEMPO DE NAVEGACION]]) -> 0 | L11: 0 | M11: 2.0208333 | N11: 2.0208333 | O11: =SUM(V051_20[[#This Row],[MPAL]:[CALDERA]]) -> 4.0416667 | Q11: =(Q10-V051_20[[#This Row],[TOTAL ]])+V051_20[[#This Row],[FAENA]] -> 74.125 | R11: 0 | S11: 0.1 | T11: 0 | U11: 0 | V11: 0 | W11: =SUM(V051_20[[#This Row],[MPAL2]:[GI]]) -> 0.1 | Y11: =(Y10-V051_20[[#This Row],[TOTAL]])+V051_20[[#This Row],[FAENA2]] -> 20.8 | AB11: =(AB10-V051_20[[#This Row],[CYLINDER MP]])+V051_20[[#This Row],[FAENA EN LTS]] -> 100 | AE11: =(AE10-V051_20[[#This Row],[CARTER MP.]])+V051_20[[#This Row],[FAENA EN LTS2]] -> 100 | AH11: =(AH10-V051_20[[#This Row],[MOT AUX]])+V051_20[[#This Row],[FAENA EN LTS]] -> 100 | AK11: =(AK10-V051_20[[#This Row],[HIDRAULICO]])+V051_20[[#This Row],[FAENA EN LTS3]] -> 100
A12: V051-19 | B12: 43824 | C12: 0.125 | D12: =IF(V051_20[[#This Row],[FECHA]]-B11=1,((V051_20[[#This Row],[HORA]]-C11)*24)+24,(V051_20[[#This Row],[HORA]]-C11)*24) -> 19 | E12: CARGANDO | F12: TERMINO CARGA | I12: =IF(ISERROR(V051_20[[#This Row],[DISTANCIA POR CARTA]]/V051_20[[#This Row],[TIEMPO DE NAVEGACION]]),0,V051_20[[#This Row],[DISTANCIA POR CARTA]]/V051_20[[#This Row],[TIEMPO DE NAVEGACION]]) -> 0 | L12: 0 | M12: 1.9791667 | N12: 1.9791667 | O12: =SUM(V051_20[[#This Row],[MPAL]:[CALDERA]]) -> 3.9583333 | Q12: =(Q11-V051_20[[#This Row],[TOTAL ]])+V051_20[[#This Row],[FAENA]] -> 70.166667 | R12: 0 | S12: 0 | T12: 0 | U12: 0 | V12: 0 | W12: =SUM(V051_20[[#This Row],[MPAL2]:[GI]]) -> 0 | Y12: =(Y11-V051_20[[#This Row],[TOTAL]])+V051_20[[#This Row],[FAENA2]] -> 20.8 | AB12: =(AB11-V051_20[[#This Row],[CYLINDER MP]])+V051_20[[#This Row],[FAENA EN LTS]] -> 100 | AE12: =(AE11-V051_20[[#This Row],[CARTER MP.]])+V051_20[[#This Row],[FAENA EN LTS2]] -> 100 | AH12: =(AH11-V051_20[[#This Row],[MOT AUX]])+V051_20[[#This Row],[FAENA EN LTS]] -> 100 | AK12: =(AK11-V051_20[[#This Row],[HIDRAULICO]])+V051_20[[#This Row],[FAENA EN LTS3]] -> 100
A13: V051-19 | B13: 43824 | C13: 0.28333333 | D13: =IF(V051_20[[#This Row],[FECHA]]-B12=1,((V051_20[[#This Row],[HORA]]-C12)*24)+24,(V051_20[[#This Row],[HORA]]-C12)*24) -> 3.8 | E13: OTRAS ACT. | F13: INICIO MANIOBRA | I13: =IF(ISERROR(V051_20[[#This Row],[DISTANCIA POR CARTA]]/V051_20[[#This Row],[TIEMPO DE NAVEGACION]]),0,V051_20[[#This Row],[DISTANCIA POR CARTA]]/V051_20[[#This Row],[TIEMPO DE NAVEGACION]]) -> 0 | L13: 0 | M13: 0.39583333 | N13: 0.39583333 | O13: =SUM(V051_20[[#This Row],[MPAL]:[CALDERA]]) -> 0.79166667 | Q13: =(Q12-V051_20[[#This Row],[TOTAL ]])+V051_20[[#This Row],[FAENA]] -> 69.375 | R13: 0 | S13: 0 | T13: 0 | U13: 0 | V13: 0 | W13: =SUM(V051_20[[#This Row],[MPAL2]:[GI]]) -> 0 | Y13: =(Y12-V051_20[[#This Row],[TOTAL]])+V051_20[[#This Row],[FAENA2]] -> 20.8 | AB13: =(AB12-V051_20[[#This Row],[CYLINDER MP]])+V051_20[[#This Row],[FAENA EN LTS]] -> 100 | AE13: =(AE12-V051_20[[#This Row],[CARTER MP.]])+V051_20[[#This Row],[FAENA EN LTS2]] -> 100 | AH13: =(AH12-V051_20[[#This Row],[MOT AUX]])+V051_20[[#This Row],[FAENA EN LTS]] -> 100 | AK13: =(AK12-V051_20[[#This Row],[HIDRAULICO]])+V051_20[[#This Row],[FAENA EN LTS3]] -> 100
A14: V051-19 | B14: 43824 | C14: 0.30416667 | D14: =IF(V051_20[[#This Row],[FECHA]]-B13=1,((V051_20[[#This Row],[HORA]]-C13)*24)+24,(V051_20[[#This Row],[HORA]]-C13)*24) -> 0.5 | E14: MANIOBRA | F14: TCM | I14: =IF(ISERROR(V051_20[[#This Row],[DISTANCIA POR CARTA]]/V051_20[[#This Row],[TIEMPO DE NAVEGACION]]),0,V051_20[[#This Row],[DISTANCIA POR CARTA]]/V051_20[[#This Row],[TIEMPO DE NAVEGACION]]) -> 0 | L14: 0.20833333 | M14: 0.052083333 | N14: 0.052083333 | O14: =SUM(V051_20[[#This Row],[MPAL]:[CALDERA]]) -> 0.3125 | Q14: =(Q13-V051_20[[#This Row],[TOTAL ]])+V051_20[[#This Row],[FAENA]] -> 69.0625 | R14: 0 | S14: 0 | T14: 0 | U14: 0 | V14: 0 | W14: =SUM(V051_20[[#This Row],[MPAL2]:[GI]]) -> 0 | Y14: =(Y13-V051_20[[#This Row],[TOTAL]])+V051_20[[#This Row],[FAENA2]] -> 20.8 | AB14: =(AB13-V051_20[[#This Row],[CYLINDER MP]])+V051_20[[#This Row],[FAENA EN LTS]] -> 100 | AE14: =(AE13-V051_20[[#This Row],[CARTER MP.]])+V051_20[[#This Row],[FAENA EN LTS2]] -> 100 | AH14: =(AH13-V051_20[[#This Row],[MOT AUX]])+V051_20[[#This Row],[FAENA EN LTS]] -> 100 | AK14: =(AK13-V051_20[[#This Row],[HIDRAULICO]])+V051_20[[#This Row],[FAENA EN LTS3]] -> 100
A15: V051-19 | B15: 43824 | C15: 0.33333333 | D15: =IF(V051_20[[#This Row],[FECHA]]-B14=1,((V051_20[[#This Row],[HORA]]-C14)*24)+24,(V051_20[[#This Row],[HORA]]-C14)*24) -> 0.7 | E15: MANIOBRA | F15: ZARPE. IVM | I15: =IF(ISERROR(V051_20[[#This Row],[DISTANCIA POR CARTA]]/V051_20[[#This Row],[TIEMPO DE NAVEGACION]]),0,V051_20[[#This Row],[DISTANCIA POR CARTA]]/V051_20[[#This Row],[TIEMPO DE NAVEGACION]]) -> 0 | L15: 0.72916667 | M15: 0.072916667 | N15: 0.072916667 | O15: =SUM(V051_20[[#This Row],[MPAL]:[CALDERA]]) -> 0.875 | Q15: =(Q14-V051_20[[#This Row],[TOTAL ]])+V051_20[[#This Row],[FAENA]] -> 68.1875 | R15: 0 | S15: 0 | T15: 0 | U15: 0 | V15: 0 | W15: =SUM(V051_20[[#This Row],[MPAL2]:[GI]]) -> 0 | Y15: =(Y14-V051_20[[#This Row],[TOTAL]])+V051_20[[#This Row],[FAENA2]] -> 20.8 | AB15: =(AB14-V051_20[[#This Row],[CYLINDER MP]])+V051_20[[#This Row],[FAENA EN LTS]] -> 100 | AE15: =(AE14-V051_20[[#This Row],[CARTER MP.]])+V051_20[[#This Row],[FAENA EN LTS2]] -> 100 | AH15: =(AH14-V051_20[[#This Row],[MOT AUX]])+V051_20[[#This Row],[FAENA EN LTS]] -> 100 | AK15: =(AK14-V051_20[[#This Row],[HIDRAULICO]])+V051_20[[#This Row],[FAENA EN LTS3]] -> 100
A16: V051-19 | B16: 43824 | C16: 0.77916667 | D16: =IF(V051_20[[#This Row],[FECHA]]-B15=1,((V051_20[[#This Row],[HORA]]-C15)*24)+24,(V051_20[[#This Row],[HORA]]-C15)*24) -> 10.7 | E16: NAVEGANDO CON CARGA | F16: ARRIBO PISCO | I16: =IF(ISERROR(V051_20[[#This Row],[DISTANCIA POR CARTA]]/V051_20[[#This Row],[TIEMPO DE NAVEGACION]]),0,V051_20[[#This Row],[DISTANCIA POR CARTA]]/V051_20[[#This Row],[TIEMPO DE NAVEGACION]]) -> 0 | L16: 11.145833 | M16: 1.1145833 | N16: 1.1145833 | O16: =SUM(V051_20[[#This Row],[MPAL]:[CALDERA]]) -> 13.375 | Q16: =(Q15-V051_20[[#This Row],[TOTAL ]])+V051_20[[#This Row],[FAENA]] -> 54.8125 | R16: 0 | S16: 0 | T16: 0 | U16: 0 | V16: 0 | W16: =SUM(V051_20[[#This Row],[MPAL2]:[GI]]) -> 0 | Y16: =(Y15-V051_20[[#This Row],[TOTAL]])+V051_20[[#This Row],[FAENA2]] -> 20.8 | AB16: =(AB15-V051_20[[#This Row],[CYLINDER MP]])+V051_20[[#This Row],[FAENA EN LTS]] -> 100 | AE16: =(AE15-V051_20[[#This Row],[CARTER MP.]])+V051_20[[#This Row],[FAENA EN LTS2]] -> 100 | AH16: =(AH15-V051_20[[#This Row],[MOT AUX]])+V051_20[[#This Row],[FAENA EN LTS]] -> 100 | AK16: =(AK15-V051_20[[#This Row],[HIDRAULICO]])+V051_20[[#This Row],[FAENA EN LTS3]] -> 100
A17: V051-19 | B17: 43824 | C17: 0.82083333 | D17: =IF(V051_20[[#This Row],[FECHA]]-B16=1,((V051_20[[#This Row],[HORA]]-C16)*24)+24,(V051_20[[#This Row],[HORA]]-C16)*24) -> 1 | E17: MANIOBRA | F17: FONDO PISCO | I17: =IF(ISERROR(V051_20[[#This Row],[DISTANCIA POR CARTA]]/V051_20[[#This Row],[TIEMPO DE NAVEGACION]]),0,V051_20[[#This Row],[DISTANCIA POR CARTA]]/V051_20[[#This Row],[TIEMPO DE NAVEGACION]]) -> 0 | L17: 0.41666667 | M17: 0.10416667 | N17: 0.10416667 | O17: =SUM(V051_20[[#This Row],[MPAL]:[CALDERA]]) -> 0.625 | Q17: =(Q16-V051_20[[#This Row],[TOTAL ]])+V051_20[[#This Row],[FAENA]] -> 54.1875 | R17: 0 | S17: 0.1 | T17: 0 | U17: 0 | V17: 0 | W17: =SUM(V051_20[[#This Row],[MPAL2]:[GI]]) -> 0.1 | Y17: =(Y16-V051_20[[#This Row],[TOTAL]])+V051_20[[#This Row],[FAENA2]] -> 20.7 | AB17: =(AB16-V051_20[[#This Row],[CYLINDER MP]])+V051_20[[#This Row],[FAENA EN LTS]] -> 100 | AE17: =(AE16-V051_20[[#This Row],[CARTER MP.]])+V051_20[[#This Row],[FAENA EN LTS2]] -> 100 | AH17: =(AH16-V051_20[[#This Row],[MOT AUX]])+V051_20[[#This Row],[FAENA EN LTS]] -> 100 | AK17: =(AK16-V051_20[[#This Row],[HIDRAULICO]])+V051_20[[#This Row],[FAENA EN LTS3]] -> 100
A18: V051-19 | B18: 43825 | C18: 0.33333333 | D18: =IF(V051_20[[#This Row],[FECHA]]-B17=1,((V051_20[[#This Row],[HORA]]-C17)*24)+24,(V051_20[[#This Row],[HORA]]-C17)*24) -> 12.3 | E18: FONDEADO | F18: FONDEADO | I18: =IF(ISERROR(V051_20[[#This Row],[DISTANCIA POR CARTA]]/V051_20[[#This Row],[TIEMPO DE NAVEGACION]]),0,V051_20[[#This Row],[DISTANCIA POR CARTA]]/V051_20[[#This Row],[TIEMPO DE NAVEGACION]]) -> 0 | L18: 0 | M18: 1.28125 | N18: 1.28125 | O18: =SUM(V051_20[[#This Row],[MPAL]:[CALDERA]]) -> 2.5625 | Q18: =(Q17-V051_20[[#This Row],[TOTAL ]])+V051_20[[#This Row],[FAENA]] -> 51.625 | R18: 0 | S18: 0 | T18: 0 | U18: 0 | V18: 0 | W18: =SUM(V051_20[[#This Row],[MPAL2]:[GI]]) -> 0 | Y18: =(Y17-V051_20[[#This Row],[TOTAL]])+V051_20[[#This Row],[FAENA2]] -> 20.7 | AB18: =(AB17-V051_20[[#This Row],[CYLINDER MP]])+V051_20[[#This Row],[FAENA EN LTS]] -> 100 | AE18: =(AE17-V051_20[[#This Row],[CARTER MP.]])+V051_20[[#This Row],[FAENA EN LTS2]] -> 100 | AH18: =(AH17-V051_20[[#This Row],[MOT AUX]])+V051_20[[#This Row],[FAENA EN LTS]] -> 100 | AK18: =(AK17-V051_20[[#This Row],[HIDRAULICO]])+V051_20[[#This Row],[FAENA EN LTS3]] -> 100
... A41: V051-19 | B41: 43830 | C41: 0.58333333 | D41: =IF(V051_20[[#This Row],[FECHA]]-B40=1,((V051_20[[#This Row],[HORA]]-C40)*24)+24,(V051_20[[#This Row],[HORA]]-C40)*24) -> 0.5 | E41: NAVEGANDO CON CARGA | F41: ARRIBO AREA 12 | I41: =IF(ISERROR(V051_20[[#This Row],[DISTANCIA POR CARTA]]/V051_20[[#This Row],[TIEMPO DE NAVEGACION]]),0,V051_20[[#This Row],[DISTANCIA POR CARTA]]/V051_20[[#This Row],[TIEMPO DE NAVEGACION]]) -> 0 | L41: 0 | M41: 0 | N41: 0 | O41: =SUM(V051_20[[#This Row],[MPAL]:[CALDERA]]) -> 0 | Q41: =(Q40-V051_20[[#This Row],[TOTAL ]])+V051_20[[#This Row],[FAENA]] -> 0.005 | R41: 0.42 | S41: 0.1 | T41: 0.1 | U41: 0 | V41: 0 | W41: =SUM(V051_20[[#This Row],[MPAL2]:[GI]]) -> 0.62 | Y41: =(Y40-V051_20[[#This Row],[TOTAL]])+V051_20[[#This Row],[FAENA2]] -> 17.23 | AB41: =(AB40-V051_20[[#This Row],[CYLINDER MP]])+V051_20[[#This Row],[FAENA EN LTS]] -> 100 | AE41: =(AE40-V051_20[[#This Row],[CARTER MP.]])+V051_20[[#This Row],[FAENA EN LTS2]] -> 100 | AH41: =(AH40-V051_20[[#This Row],[MOT AUX]])+V051_20[[#This Row],[FAENA EN LTS]] -> 100 | AK41: =(AK40-V051_20[[#This Row],[HIDRAULICO]])+V051_20[[#This Row],[FAENA EN LTS3]] -> 100
A42: V051-19 | B42: 43830 | C42: 0.6125 | D42: =IF(V051_20[[#This Row],[FECHA]]-B41=1,((V051_20[[#This Row],[HORA]]-C41)*24)+24,(V051_20[[#This Row],[HORA]]-C41)*24) -> 0.7 | E42: MANIOBRA | F42: FONDO AREA 12 | I42: =IF(ISERROR(V051_20[[#This Row],[DISTANCIA POR CARTA]]/V051_20[[#This Row],[TIEMPO DE NAVEGACION]]),0,V051_20[[#This Row],[DISTANCIA POR CARTA]]/V051_20[[#This Row],[TIEMPO DE NAVEGACION]]) -> 0 | L42: 0 | M42: 0 | N42: 0 | O42: =SUM(V051_20[[#This Row],[MPAL]:[CALDERA]]) -> 0 | Q42: =(Q41-V051_20[[#This Row],[TOTAL ]])+V051_20[[#This Row],[FAENA]] -> 0.005 | R42: 0.29 | S42: 0.1 | T42: 1.1 | U42: 0 | V42: 0 | W42: =SUM(V051_20[[#This Row],[MPAL2]:[GI]]) -> 1.49 | X42: 80 | Y42: =(Y41-V051_20[[#This Row],[TOTAL]])+V051_20[[#This Row],[FAENA2]] -> 95.74 | AB42: =(AB41-V051_20[[#This Row],[CYLINDER MP]])+V051_20[[#This Row],[FAENA EN LTS]] -> 100 | AE42: =(AE41-V051_20[[#This Row],[CARTER MP.]])+V051_20[[#This Row],[FAENA EN LTS2]] -> 100 | AH42: =(AH41-V051_20[[#This Row],[MOT AUX]])+V051_20[[#This Row],[FAENA EN LTS]] -> 100 | AK42: =(AK41-V051_20[[#This Row],[HIDRAULICO]])+V051_20[[#This Row],[FAENA EN LTS3]] -> 100
A43: V051-19 | B43: 43830 | C43: 0.95 | D43: =IF(V051_20[[#This Row],[FECHA]]-B42=1,((V051_20[[#This Row],[HORA]]-C42)*24)+24,(V051_20[[#This Row],[HORA]]-C42)*24) -> 8.1 | E43: OTRAS ACT. | F43: ANCLA ARRIBA | I43: =IF(ISERROR(V051_20[[#This Row],[DISTANCIA POR CARTA]]/V051_20[[#This Row],[TIEMPO DE NAVEGACION]]),0,V051_20[[#This Row],[DISTANCIA POR CARTA]]/V051_20[[#This Row],[TIEMPO DE NAVEGACION]]) -> 0 | L43: 0 | M43: 0 | N43: 0 | O43: =SUM(V051_20[[#This Row],[MPAL]:[CALDERA]]) -> 0 | Q43: =(Q42-V051_20[[#This Row],[TOTAL ]])+V051_20[[#This Row],[FAENA]] -> 0.005 | R43: 0 | S43: 0.2 | T43: 0.1 | U43: 0 | V43: 0 | W43: =SUM(V051_20[[#This Row],[MPAL2]:[GI]]) -> 0.3 | Y43: =(Y42-V051_20[[#This Row],[TOTAL]])+V051_20[[#This Row],[FAENA2]] -> 95.44 | AB43: =(AB42-V051_20[[#This Row],[CYLINDER MP]])+V051_20[[#This Row],[FAENA EN LTS]] -> 100 | AE43: =(AE42-V051_20[[#This Row],[CARTER MP.]])+V051_20[[#This Row],[FAENA EN LTS2]] -> 100 | AH43: =(AH42-V051_20[[#This Row],[MOT AUX]])+V051_20[[#This Row],[FAENA EN LTS]] -> 100 | AK43: =(AK42-V051_20[[#This Row],[HIDRAULICO]])+V051_20[[#This Row],[FAENA EN LTS3]] -> 100
A44: V051-19 | B44: 43830 | C44: 0.97916667 | D44: =IF(V051_20[[#This Row],[FECHA]]-B43=1,((V051_20[[#This Row],[HORA]]-C43)*24)+24,(V051_20[[#This Row],[HORA]]-C43)*24) -> 0.7 | E44: OTRAS ACT. | F44: ZARPE | I44: =IF(ISERROR(V051_20[[#This Row],[DISTANCIA POR CARTA]]/V051_20[[#This Row],[TIEMPO DE NAVEGACION]]),0,V051_20[[#This Row],[DISTANCIA POR CARTA]]/V051_20[[#This Row],[TIEMPO DE NAVEGACION]]) -> 0 | L44: 0 | M44: 0 | N44: 0 | O44: =SUM(V051_20[[#This Row],[MPAL]:[CALDERA]]) -> 0 | P44: 370 | Q44: =(Q43-V051_20[[#This Row],[TOTAL ]])+V051_20[[#This Row],[FAENA]] -> 370.005 | R44: 0.29 | S44: 0.1 | T44: 0.1 | U44: 0 | V44: 0 | W44: =SUM(V051_20[[#This Row],[MPAL2]:[GI]]) -> 0.49 | Y44: =(Y43-V051_20[[#This Row],[TOTAL]])+V051_20[[#This Row],[FAENA2]] -> 94.95 | AB44: =(AB43-V051_20[[#This Row],[CYLINDER MP]])+V051_20[[#This Row],[FAENA EN LTS]] -> 100 | AE44: =(AE43-V051_20[[#This Row],[CARTER MP.]])+V051_20[[#This Row],[FAENA EN LTS2]] -> 100 | AH44: =(AH43-V051_20[[#This Row],[MOT AUX]])+V051_20[[#This Row],[FAENA EN LTS]] -> 100 | AK44: =(AK43-V051_20[[#This Row],[HIDRAULICO]])+V051_20[[#This Row],[FAENA EN LTS3]] -> 100
A45: V051-20 | B45: 43831 | C45: 0.3 | D45: =IF(V051_20[[#This Row],[FECHA]]-B44=1,((V051_20[[#This Row],[HORA]]-C44)*24)+24,(V051_20[[#This Row],[HORA]]-C44)*24) -> 7.7 | E45: NAVEGANDO CON CARGA | F45: ARRIBO SUPE | G45: 91 | H45: 7.2 | I45: =IF(ISERROR(V051_20[[#This Row],[DISTANCIA POR CARTA]]/V051_20[[#This Row],[TIEMPO DE NAVEGACION]]),0,V051_20[[#This Row],[DISTANCIA POR CARTA]]/V051_20[[#This Row],[TIEMPO DE NAVEGACION]]) -> 12.638889 | J45: S2 | K45: 95 | L45: 0 | M45: 0 | N45: 0 | O45: =SUM(V051_20[[#This Row],[MPAL]:[CALDERA]]) -> 0 | Q45: =(Q44-V051_20[[#This Row],[TOTAL ]])+V051_20[[#This Row],[FAENA]] -> 370.005 | R45: 7.97 | S45: 0.89 | T45: 0.06 | U45: 0 | V45: 0 | W45: =SUM(V051_20[[#This Row],[MPAL2]:[GI]]) -> 8.92 | Y45: =(Y44-V051_20[[#This Row],[TOTAL]])+V051_20[[#This Row],[FAENA2]] -> 86.03 | AB45: =(AB44-V051_20[[#This Row],[CYLINDER MP]])+V051_20[[#This Row],[FAENA EN LTS]] -> 100 | AE45: =(AE44-V051_20[[#This Row],[CARTER MP.]])+V051_20[[#This Row],[FAENA EN LTS2]] -> 100 | AH45: =(AH44-V051_20[[#This Row],[MOT AUX]])+V051_20[[#This Row],[FAENA EN LTS]] -> 100 | AK45: =(AK44-V051_20[[#This Row],[HIDRAULICO]])+V051_20[[#This Row],[FAENA EN LTS3]] -> 100
A46: V051-19 | B46: 43831 | C46: 0.33333333 | D46: =IF(V051_20[[#This Row],[FECHA]]-B45=1,((V051_20[[#This Row],[HORA]]-C45)*24)+24,(V051_20[[#This Row],[HORA]]-C45)*24) -> 0.8 | E46: MANIOBRA | F46: SUPE | I46: =IF(ISERROR(V051_20[[#This Row],[DISTANCIA POR CARTA]]/V051_20[[#This Row],[TIEMPO DE NAVEGACION]]),0,V051_20[[#This Row],[DISTANCIA POR CARTA]]/V051_20[[#This Row],[TIEMPO DE NAVEGACION]]) -> 0 | L46: 0 | M46: 0 | N46: 0 | O46: =SUM(V051_20[[#This Row],[MPAL]:[CALDERA]]) -> 0 | Q46: =(Q45-V051_20[[#This Row],[TOTAL ]])+V051_20[[#This Row],[FAENA]] -> 370.005 | R46: 0.33 | S46: 0.08 | T46: 0.07 | U46: 0 | V46: 0 | W46: =SUM(V051_20[[#This Row],[MPAL2]:[GI]]) -> 0.48 | Y46: =(Y45-V051_20[[#This Row],[TOTAL]])+V051_20[[#This Row],[FAENA2]] -> 85.55 | AB46: =(AB45-V051_20[[#This Row],[CYLINDER MP]])+V051_20[[#This Row],[FAENA EN LTS]] -> 100 | AE46: =(AE45-V051_20[[#This Row],[CARTER MP.]])+V051_20[[#This Row],[FAENA EN LTS2]] -> 100 | AH46: =(AH45-V051_20[[#This Row],[MOT AUX]])+V051_20[[#This Row],[FAENA EN LTS]] -> 100 | AK46: =(AK45-V051_20[[#This Row],[HIDRAULICO]])+V051_20[[#This Row],[FAENA EN LTS3]] -> 100
A47: V051-19 | B47: 43831 | C47: 0.35 | D47: =IF(V051_20[[#This Row],[FECHA]]-B46=1,((V051_20[[#This Row],[HORA]]-C46)*24)+24,(V051_20[[#This Row],[HORA]]-C46)*24) -> 0.4 | E47: MANIOBRA | F47: INICIO MANIOBRA SUPE | I47: 0 | L47: 0 | M47: 0.041666667 | N47: 0.033333333 | O47: =SUM(V051_20[[#This Row],[MPAL]:[CALDERA]]) -> 0.075 | Q47: =(Q46-V051_20[[#This Row],[TOTAL ]])+V051_20[[#This Row],[FAENA]] -> 369.93 | R47: 0 | S47: 0 | T47: 0 | U47: 0 | V47: 0 | W47: =SUM(V051_20[[#This Row],[MPAL2]:[GI]]) -> 0 | Y47: =(Y46-V051_20[[#This Row],[TOTAL]])+V051_20[[#This Row],[FAENA2]] -> 85.55 | AB47: =(AB46-V051_20[[#This Row],[CYLINDER MP]])+V051_20[[#This Row],[FAENA EN LTS]] -> 100 | AE47: =(AE46-V051_20[[#This Row],[CARTER MP.]])+V051_20[[#This Row],[FAENA EN LTS2]] -> 100 | AH47: =(AH46-V051_20[[#This Row],[MOT AUX]])+V051_20[[#This Row],[FAENA EN LTS]] -> 100 | AK47: =(AK46-V051_20[[#This Row],[HIDRAULICO]])+V051_20[[#This Row],[FAENA EN LTS3]] -> 100
A48: V051-19 | B48: 43831 | C48: 0.3875 | D48: =IF(V051_20[[#This Row],[FECHA]]-B47=1,((V051_20[[#This Row],[HORA]]-C47)*24)+24,(V051_20[[#This Row],[HORA]]-C47)*24) -> 0.9 | E48: MANIOBRA | F48: TCM SUPE | I48: =IF(ISERROR(V051_20[[#This Row],[DISTANCIA POR CARTA]]/V051_20[[#This Row],[TIEMPO DE NAVEGACION]]),0,V051_20[[#This Row],[DISTANCIA POR CARTA]]/V051_20[[#This Row],[TIEMPO DE NAVEGACION]]) -> 0 | L48: 0.375 | M48: 0.09375 | N48: 0.075 | O48: =SUM(V051_20[[#This Row],[MPAL]:[CALDERA]]) -> 0.54375 | Q48: =(Q47-V051_20[[#This Row],[TOTAL ]])+V051_20[[#This Row],[FAENA]] -> 369.38625 | R48: 0 | S48: 0 | T48: 0 | U48: 0 | V48: 0 | W48: =SUM(V051_20[[#This Row],[MPAL2]:[GI]]) -> 0 | Y48: =(Y47-V051_20[[#This Row],[TOTAL]])+V051_20[[#This Row],[FAENA2]] -> 85.55 | AB48: =(AB47-V051_20[[#This Row],[CYLINDER MP]])+V051_20[[#This Row],[FAENA EN LTS]] -> 100 | AE48: =(AE47-V051_20[[#This Row],[CARTER MP.]])+V051_20[[#This Row],[FAENA EN LTS2]] -> 100 | AH48: =(AH47-V051_20[[#This Row],[MOT AUX]])+V051_20[[#This Row],[FAENA EN LTS]] -> 100 | AK48: =(AK47-V051_20[[#This Row],[HIDRAULICO]])+V051_20[[#This Row],[FAENA EN LTS3]] -> 100
A49: V051-19 | B49: 43831 | C49: 0.50416667 | D49: =IF(V051_20[[#This Row],[FECHA]]-B48=1,((V051_20[[#This Row],[HORA]]-C48)*24)+24,(V051_20[[#This Row],[HORA]]-C48)*24) -> 2.8 | E49: OTRAS ACT. | F49: INICIO DESCARGA SUPE | I49: =IF(ISERROR(V051_20[[#This Row],[DISTANCIA POR CARTA]]/V051_20[[#This Row],[TIEMPO DE NAVEGACION]]),0,V051_20[[#This Row],[DISTANCIA POR CARTA]]/V051_20[[#This Row],[TIEMPO DE NAVEGACION]]) -> 0 | L49: 0 | M49: 0.29166667 | N49: 0.23333333 | O49: =SUM(V051_20[[#This Row],[MPAL]:[CALDERA]]) -> 0.525 | Q49: =(Q48-V051_20[[#This Row],[TOTAL ]])+V051_20[[#This Row],[FAENA]] -> 368.86125 | R49: 0 | S49: 0 | T49: 0 | U49: 0 | V49: 0 | W49: =SUM(V051_20[[#This Row],[MPAL2]:[GI]]) -> 0 | Y49: =(Y48-V051_20[[#This Row],[TOTAL]])+V051_20[[#This Row],[FAENA2]] -> 85.55 | AB49: =(AB48-V051_20[[#This Row],[CYLINDER MP]])+V051_20[[#This Row],[FAENA EN LTS]] -> 100 | AE49: =(AE48-V051_20[[#This Row],[CARTER MP.]])+V051_20[[#This Row],[FAENA EN LTS2]] -> 100 | AH49: =(AH48-V051_20[[#This Row],[MOT AUX]])+V051_20[[#This Row],[FAENA EN LTS]] -> 100 | AK49: =(AK48-V051_20[[#This Row],[HIDRAULICO]])+V051_20[[#This Row],[FAENA EN LTS3]] -> 100
A50: V051-19 | B50: 43831 | C50: 0.95833333 | D50: =IF(V051_20[[#This Row],[FECHA]]-B49=1,((V051_20[[#This Row],[HORA]]-C49)*24)+24,(V051_20[[#This Row],[HORA]]-C49)*24) -> 10.9 | E50: DESCARGANDO | F50: TERMINO DESARGA SUPE | I50: =IF(ISERROR(V051_20[[#This Row],[DISTANCIA POR CARTA]]/V051_20[[#This Row],[TIEMPO DE NAVEGACION]]),0,V051_20[[#This Row],[DISTANCIA POR CARTA]]/V051_20[[#This Row],[TIEMPO DE NAVEGACION]]) -> 0 | L50: 0 | M50: 1.1354167 | N50: 0.90833333 | O50: =SUM(V051_20[[#This Row],[MPAL]:[CALDERA]]) -> 2.04375 | Q50: =(Q49-V051_20[[#This Row],[TOTAL ]])+V051_20[[#This Row],[FAENA]] -> 366.8175 | R50: 0 | S50: 0 | T50: 0 | U50: 0 | V50: 2.8 | W50: =SUM(V051_20[[#This Row],[MPAL2]:[GI]]) -> 2.8 | Y50: =(Y49-V051_20[[#This Row],[TOTAL]])+V051_20[[#This Row],[FAENA2]] -> 82.75 | AB50: =(AB49-V051_20[[#This Row],[CYLINDER MP]])+V051_20[[#This Row],[FAENA EN LTS]] -> 100 | AE50: =(AE49-V051_20[[#This Row],[CARTER MP.]])+V051_20[[#This Row],[FAENA EN LTS2]] -> 100 | AH50: =(AH49-V051_20[[#This Row],[MOT AUX]])+V051_20[[#This Row],[FAENA EN LTS]] -> 100 | AK50: =(AK49-V051_20[[#This Row],[HIDRAULICO]])+V051_20[[#This Row],[FAENA EN LTS3]] -> 100
A51: V051-19 | B51: 43832 | C51: 0.0875 | D51: =IF(V051_20[[#This Row],[FECHA]]-B50=1,((V051_20[[#This Row],[HORA]]-C50)*24)+24,(V051_20[[#This Row],[HORA]]-C50)*24) -> 3.1 | E51: OTRAS ACT. | F51: INICIO MANIOBRA ZARPE SUPE | I51: =IF(ISERROR(V051_20[[#This Row],[DISTANCIA POR CARTA]]/V051_20[[#This Row],[TIEMPO DE NAVEGACION]]),0,V051_20[[#This Row],[DISTANCIA POR CARTA]]/V051_20[[#This Row],[TIEMPO DE NAVEGACION]]) -> 0 | L51: 0 | M51: 0.32291667 | N51: 0.25833333 | O51: =SUM(V051_20[[#This Row],[MPAL]:[CALDERA]]) -> 0.58125 | Q51: =(Q50-V051_20[[#This Row],[TOTAL ]])+V051_20[[#This Row],[FAENA]] -> 366.23625 | R51: 0 | S51: 0 | T51: 0 | U51: 0 | V51: 0 | W51: =SUM(V051_20[[#This Row],[MPAL2]:[GI]]) -> 0 | Y51: =(Y50-V051_20[[#This Row],[TOTAL]])+V051_20[[#This Row],[FAENA2]] -> 82.75 | AB51: =(AB50-V051_20[[#This Row],[CYLINDER MP]])+V051_20[[#This Row],[FAENA EN LTS]] -> 100 | AE51: =(AE50-V051_20[[#This Row],[CARTER MP.]])+V051_20[[#This Row],[FAENA EN LTS2]] -> 100 | AH51: =(AH50-V051_20[[#This Row],[MOT AUX]])+V051_20[[#This Row],[FAENA EN LTS]] -> 100 | AK51: =(AK50-V051_20[[#This Row],[HIDRAULICO]])+V051_20[[#This Row],[FAENA EN LTS3]] -> 100
A52: V051-19 | B52: 43832 | C52: 0.1125 | D52: =IF(V051_20[[#This Row],[FECHA]]-B51=1,((V051_20[[#This Row],[HORA]]-C51)*24)+24,(V051_20[[#This Row],[HORA]]-C51)*24) -> 0.6 | E52: MANIOBRA | F52: ZARPE SUPE | I52: =IF(ISERROR(V051_20[[#This Row],[DISTANCIA POR CARTA]]/V051_20[[#This Row],[TIEMPO DE NAVEGACION]]),0,V051_20[[#This Row],[DISTANCIA POR CARTA]]/V051_20[[#This Row],[TIEMPO DE NAVEGACION]]) -> 0 | L52: 0.25 | M52: 0.0625 | N52: 0.05 | O52: =SUM(V051_20[[#This Row],[MPAL]:[CALDERA]]) -> 0.3625 | Q52: =(Q51-V051_20[[#This Row],[TOTAL ]])+V051_20[[#This Row],[FAENA]] -> 365.87375 | R52: 0 | S52: 0 | T52: 0 | U52: 0 | V52: 0 | W52: =SUM(V051_20[[#This Row],[MPAL2]:[GI]]) -> 0 | Y52: =(Y51-V051_20[[#This Row],[TOTAL]])+V051_20[[#This Row],[FAENA2]] -> 82.75 | AB52: =(AB51-V051_20[[#This Row],[CYLINDER MP]])+V051_20[[#This Row],[FAENA EN LTS]] -> 100 | AE52: =(AE51-V051_20[[#This Row],[CARTER MP.]])+V051_20[[#This Row],[FAENA EN LTS2]] -> 100 | AH52: =(AH51-V051_20[[#This Row],[MOT AUX]])+V051_20[[#This Row],[FAENA EN LTS]] -> 100 | AK52: =(AK51-V051_20[[#This Row],[HIDRAULICO]])+V051_20[[#This Row],[FAENA EN LTS3]] -> 100
A53: V051-19 | B53: 43832 | C53: 0.33333333 | D53: =IF(V051_20[[#This Row],[FECHA]]-B52=1,((V051_20[[#This Row],[HORA]]-C52)*24)+24,(V051_20[[#This Row],[HORA]]-C52)*24) -> 5.3 | E53: NAVEGANDO CON CARGA | F53: NAVEGANDO A ETEN | I53: =IF(ISERROR(V051_20[[#This Row],[DISTANCIA POR CARTA]]/V051_20[[#This Row],[TIEMPO DE NAVEGACION]]),0,V051_20[[#This Row],[DISTANCIA POR CARTA]]/V051_20[[#This Row],[TIEMPO DE NAVEGACION]]) -> 0 | J53: S2 | K53: 95 | L53: 5.5208333 | M53: 0.55208333 | N53: 0.44166667 | O53: =SUM(V051_20[[#This Row],[MPAL]:[CALDERA]]) -> 6.5145833 | Q53: =(Q52-V051_20[[#This Row],[TOTAL ]])+V051_20[[#This Row],[FAENA]] -> 359.35917 | R53: 0 | S53: 0 | T53: 0 | U53: 0 | V53: 0 | W53: =SUM(V051_20[[#This Row],[MPAL2]:[GI]]) -> 0 | Y53: =(Y52-V051_20[[#This Row],[TOTAL]])+V051_20[[#This Row],[FAENA2]] -> 82.75 | AB53: =(AB52-V051_20[[#This Row],[CYLINDER MP]])+V051_20[[#This Row],[FAENA EN LTS]] -> 100 | AE53: =(AE52-V051_20[[#This Row],[CARTER MP.]])+V051_20[[#This Row],[FAENA EN LTS2]] -> 100 | AH53: =(AH52-V051_20[[#This Row],[MOT AUX]])+V051_20[[#This Row],[FAENA EN LTS]] -> 100 | AK53: =(AK52-V051_20[[#This Row],[HIDRAULICO]])+V051_20[[#This Row],[FAENA EN LTS3]] -> 100
A54: V051-19 | B54: 43833 | C54: 0.095833333 | D54: =IF(V051_20[[#This Row],[FECHA]]-B53=1,((V051_20[[#This Row],[HORA]]-C53)*24)+24,(V051_20[[#This Row],[HORA]]-C53)*24) -> 18.3 | E54: NAVEGANDO CON CARGA | F54: ARRIBO ETEN | G54: 266 | H54: 23.6 | I54: =IF(ISERROR(V051_20[[#This Row],[DISTANCIA POR CARTA]]/V051_20[[#This Row],[TIEMPO DE NAVEGACION]]),0,V051_20[[#This Row],[DISTANCIA POR CARTA]]/V051_20[[#This Row],[TIEMPO DE NAVEGACION]]) -> 11.271186 | J54: S 2 | K54: 95 | L54: 19.0625 | M54: 1.90625 | N54: 1.525 | O54: =SUM(V051_20[[#This Row],[MPAL]:[CALDERA]]) -> 22.49375 | Q54: =(Q53-V051_20[[#This Row],[TOTAL ]])+V051_20[[#This Row],[FAENA]] -> 336.86542 | R54: 0 | S54: 0 | T54: 0 | U54: 0 | V54: 0 | W54: =SUM(V051_20[[#This Row],[MPAL2]:[GI]]) -> 0 | Y54: =(Y53-V051_20[[#This Row],[TOTAL]])+V051_20[[#This Row],[FAENA2]] -> 82.75 | AB54: =(AB53-V051_20[[#This Row],[CYLINDER MP]])+V051_20[[#This Row],[FAENA EN LTS]] -> 100 | AE54: =(AE53-V051_20[[#This Row],[CARTER MP.]])+V051_20[[#This Row],[FAENA EN LTS2]] -> 100 | AH54: =(AH53-V051_20[[#This Row],[MOT AUX]])+V051_20[[#This Row],[FAENA EN LTS]] -> 100 | AK54: =(AK53-V051_20[[#This Row],[HIDRAULICO]])+V051_20[[#This Row],[FAENA EN LTS3]] -> 100
A55: V051-19 | B55: 43833 | C55: 0.11666667 | D55: =IF(V051_20[[#This Row],[FECHA]]-B54=1,((V051_20[[#This Row],[HORA]]-C54)*24)+24,(V051_20[[#This Row],[HORA]]-C54)*24) -> 0.5 | E55: MANIOBRA | F55: TCM FONDEADO ETEN | I55: =IF(ISERROR(V051_20[[#This Row],[DISTANCIA POR CARTA]]/V051_20[[#This Row],[TIEMPO DE NAVEGACION]]),0,V051_20[[#This Row],[DISTANCIA POR CARTA]]/V051_20[[#This Row],[TIEMPO DE NAVEGACION]]) -> 0 | L55: 0.20833333 | M55: 0.052083333 | N55: 0.041666667 | O55: =SUM(V051_20[[#This Row],[MPAL]:[CALDERA]]) -> 0.30208333 | Q55: =(Q54-V051_20[[#This Row],[TOTAL ]])+V051_20[[#This Row],[FAENA]] -> 336.56333 | R55: 0 | S55: 0 | T55: 0 | U55: 0 | V55: 0 | W55: =SUM(V051_20[[#This Row],[MPAL2]:[GI]]) -> 0 | Y55: =(Y54-V051_20[[#This Row],[TOTAL]])+V051_20[[#This Row],[FAENA2]] -> 82.75 | AB55: =(AB54-V051_20[[#This Row],[CYLINDER MP]])+V051_20[[#This Row],[FAENA EN LTS]] -> 100 | AE55: =(AE54-V051_20[[#This Row],[CARTER MP.]])+V051_20[[#This Row],[FAENA EN LTS2]] -> 100 | AH55: =(AH54-V051_20[[#This Row],[MOT AUX]])+V051_20[[#This Row],[FAENA EN LTS]] -> 100 | AK55: =(AK54-V051_20[[#This Row],[HIDRAULICO]])+V051_20[[#This Row],[FAENA EN LTS3]] -> 100
A56: V051-19 | B56: 43833 | C56: 0.33333333 | D56: =IF(V051_20[[#This Row],[FECHA]]-B55=1,((V051_20[[#This Row],[HORA]]-C55)*24)+24,(V051_20[[#This Row],[HORA]]-C55)*24) -> 5.2 | E56: FONDEADO | F56: ETEN | I56: =IF(ISERROR(V051_20[[#This Row],[DISTANCIA POR CARTA]]/V051_20[[#This Row],[TIEMPO DE NAVEGACION]]),0,V051_20[[#This Row],[DISTANCIA POR CARTA]]/V051_20[[#This Row],[TIEMPO DE NAVEGACION]]) -> 0 | L56: 0 | M56: 0.54166667 | N56: 0.43333333 | O56: =SUM(V051_20[[#This Row],[MPAL]:[CALDERA]]) -> 0.975 | Q56: =(Q55-V051_20[[#This Row],[TOTAL ]])+V051_20[[#This Row],[FAENA]] -> 335.58833 | R56: 0 | S56: 0 | T56: 0 | U56: 0 | V56: 0 | W56: =SUM(V051_20[[#This Row],[MPAL2]:[GI]]) -> 0 | Y56: =(Y55-V051_20[[#This Row],[TOTAL]])+V051_20[[#This Row],[FAENA2]] -> 82.75 | AB56: =(AB55-V051_20[[#This Row],[CYLINDER MP]])+V051_20[[#This Row],[FAENA EN LTS]] -> 100 | AE56: =(AE55-V051_20[[#This Row],[CARTER MP.]])+V051_20[[#This Row],[FAENA EN LTS2]] -> 100 | AH56: =(AH55-V051_20[[#This Row],[MOT AUX]])+V051_20[[#This Row],[FAENA EN LTS]] -> 100 | AK56: =(AK55-V051_20[[#This Row],[HIDRAULICO]])+V051_20[[#This Row],[FAENA EN LTS3]] -> 100
A57: V051-19 | B57: 43834 | C57: 0.33333333 | D57: =IF(V051_20[[#This Row],[FECHA]]-B56=1,((V051_20[[#This Row],[HORA]]-C56)*24)+24,(V051_20[[#This Row],[HORA]]-C56)*24) -> 24 | E57: FONDEADO | F57: ETEN | I57: =IF(ISERROR(V051_20[[#This Row],[DISTANCIA POR CARTA]]/V051_20[[#This Row],[TIEMPO DE NAVEGACION]]),0,V051_20[[#This Row],[DISTANCIA POR CARTA]]/V051_20[[#This Row],[TIEMPO DE NAVEGACION]]) -> 0 | L57: 0 | M57: 2.5 | N57: 2 | O57: =SUM(V051_20[[#This Row],[MPAL]:[CALDERA]]) -> 4.5 | Q57: =(Q56-V051_20[[#This Row],[TOTAL ]])+V051_20[[#This Row],[FAENA]] -> 331.08833 | R57: 0 | S57: 0 | T57: 0 | U57: 0 | V57: 0 | W57: =SUM(V051_20[[#This Row],[MPAL2]:[GI]]) -> 0 | Y57: =(Y56-V051_20[[#This Row],[TOTAL]])+V051_20[[#This Row],[FAENA2]] -> 82.75 | AB57: =(AB56-V051_20[[#This Row],[CYLINDER MP]])+V051_20[[#This Row],[FAENA EN LTS]] -> 100 | AE57: =(AE56-V051_20[[#This Row],[CARTER MP.]])+V051_20[[#This Row],[FAENA EN LTS2]] -> 100 | AH57: =(AH56-V051_20[[#This Row],[MOT AUX]])+V051_20[[#This Row],[FAENA EN LTS]] -> 100 | AK57: =(AK56-V051_20[[#This Row],[HIDRAULICO]])+V051_20[[#This Row],[FAENA EN LTS3]] -> 100
A58: V051-19 | B58: 43835 | C58: 0.33333333 | D58: =IF(V051_20[[#This Row],[FECHA]]-B57=1,((V051_20[[#This Row],[HORA]]-C57)*24)+24,(V051_20[[#This Row],[HORA]]-C57)*24) -> 24 | E58: FONDEADO | F58: ETEN | I58: =IF(ISERROR(V051_20[[#This Row],[DISTANCIA POR CARTA]]/V051_20[[#This Row],[TIEMPO DE NAVEGACION]]),0,V051_20[[#This Row],[DISTANCIA POR CARTA]]/V051_20[[#This Row],[TIEMPO DE NAVEGACION]]) -> 0 | L58: 0 | M58: 2.2 | N58: 2 | O58: =SUM(V051_20[[#This Row],[MPAL]:[CALDERA]]) -> 4.2 | Q58: =(Q57-V051_20[[#This Row],[TOTAL ]])+V051_20[[#This Row],[FAENA]] -> 326.88833 | R58: 0 | S58: 0 | T58: 0 | U58: 0 | V58: 0 | W58: =SUM(V051_20[[#This Row],[MPAL2]:[GI]]) -> 0 | Y58: =(Y57-V051_20[[#This Row],[TOTAL]])+V051_20[[#This Row],[FAENA2]] -> 82.75 | AB58: =(AB57-V051_20[[#This Row],[CYLINDER MP]])+V051_20[[#This Row],[FAENA EN LTS]] -> 100 | AE58: =(AE57-V051_20[[#This Row],[CARTER MP.]])+V051_20[[#This Row],[FAENA EN LTS2]] -> 100 | AH58: =(AH57-V051_20[[#This Row],[MOT AUX]])+V051_20[[#This Row],[FAENA EN LTS]] -> 100 | AK58: =(AK57-V051_20[[#This Row],[HIDRAULICO]])+V051_20[[#This Row],[FAENA EN LTS3]] -> 100
A59: V051-19 | B59: 43836 | C59: 0.33333333 | D59: =IF(V051_20[[#This Row],[FECHA]]-B58=1,((V051_20[[#This Row],[HORA]]-C58)*24)+24,(V051_20[[#This Row],[HORA]]-C58)*24) -> 24 | E59: FONDEADO | F59: ETEN | I59: =IF(ISERROR(V051_20[[#This Row],[DISTANCIA POR CARTA]]/V051_20[[#This Row],[TIEMPO DE NAVEGACION]]),0,V051_20[[#This Row],[DISTANCIA POR CARTA]]/V051_20[[#This Row],[TIEMPO DE NAVEGACION]]) -> 0 | L59: 0 | M59: 2.2 | N59: 2 | O59: =SUM(V051_20[[#This Row],[MPAL]:[CALDERA]]) -> 4.2 | Q59: =(Q58-V051_20[[#This Row],[TOTAL ]])+V051_20[[#This Row],[FAENA]] -> 322.68833 | R59: 0 | S59: 0 | T59: 0 | U59: 0 | V59: 0 | W59: =SUM(V051_20[[#This Row],[MPAL2]:[GI]]) -> 0 | Y59: =(Y58-V051_20[[#This Row],[TOTAL]])+V051_20[[#This Row],[FAENA2]] -> 82.75 | AB59: =(AB58-V051_20[[#This Row],[CYLINDER MP]])+V051_20[[#This Row],[FAENA EN LTS]] -> 100 | AE59: =(AE58-V051_20[[#This Row],[CARTER MP.]])+V051_20[[#This Row],[FAENA EN LTS2]] -> 100 | AH59: =(AH58-V051_20[[#This Row],[MOT AUX]])+V051_20[[#This Row],[FAENA EN LTS]] -> 100 | AK59: =(AK58-V051_20[[#This Row],[HIDRAULICO]])+V051_20[[#This Row],[FAENA EN LTS3]] -> 100
A60: V051-19 | B60: 43836 | C60: 0.54166667 | D60: =IF(V051_20[[#This Row],[FECHA]]-B59=1,((V051_20[[#This Row],[HORA]]-C59)*24)+24,(V051_20[[#This Row],[HORA]]-C59)*24) -> 5 | E60: FONDEADO | F60: ANCLA ARRIBA ETEN | I60: =IF(ISERROR(V051_20[[#This Row],[DISTANCIA POR CARTA]]/V051_20[[#This Row],[TIEMPO DE NAVEGACION]]),0,V051_20[[#This Row],[DISTANCIA POR CARTA]]/V051_20[[#This Row],[TIEMPO DE NAVEGACION]]) -> 0 | L60: 0 | M60: 0.45833333 | N60: 0.41666667 | O60: =SUM(V051_20[[#This Row],[MPAL]:[CALDERA]]) -> 0.875 | Q60: =(Q59-V051_20[[#This Row],[TOTAL ]])+V051_20[[#This Row],[FAENA]] -> 321.81333 | R60: 0 | S60: 0 | T60: 0 | U60: 0 | V60: 0 | W60: =SUM(V051_20[[#This Row],[MPAL2]:[GI]]) -> 0 | Y60: =(Y59-V051_20[[#This Row],[TOTAL]])+V051_20[[#This Row],[FAENA2]] -> 82.75 | AB60: =(AB59-V051_20[[#This Row],[CYLINDER MP]])+V051_20[[#This Row],[FAENA EN LTS]] -> 100 | AE60: =(AE59-V051_20[[#This Row],[CARTER MP.]])+V051_20[[#This Row],[FAENA EN LTS2]] -> 100 | AH60: =(AH59-V051_20[[#This Row],[MOT AUX]])+V051_20[[#This Row],[FAENA EN LTS]] -> 100 | AK60: =(AK59-V051_20[[#This Row],[HIDRAULICO]])+V051_20[[#This Row],[FAENA EN LTS3]] -> 100
A61: V051-19 | B61: 43836 | C61: 0.59583333 | D61: =IF(V051_20[[#This Row],[FECHA]]-B60=1,((V051_20[[#This Row],[HORA]]-C60)*24)+24,(V051_20[[#This Row],[HORA]]-C60)*24) -> 1.3 | E61: MANIOBRA | F61: TCM ETEN | I61: =IF(ISERROR(V051_20[[#This Row],[DISTANCIA POR CARTA]]/V051_20[[#This Row],[TIEMPO DE NAVEGACION]]),0,V051_20[[#This Row],[DISTANCIA POR CARTA]]/V051_20[[#This Row],[TIEMPO DE NAVEGACION]]) -> 0 | L61: 0.10833333 | M61: 0.11916667 | N61: 0.10833333 | O61: =SUM(V051_20[[#This Row],[MPAL]:[CALDERA]]) -> 0.33583333 | Q61: =(Q60-V051_20[[#This Row],[TOTAL ]])+V051_20[[#This Row],[FAENA]] -> 321.4775 | R61: 0 | S61: 0 | T61: 0 | U61: 0 | V61: 0 | W61: =SUM(V051_20[[#This Row],[MPAL2]:[GI]]) -> 0 | Y61: =(Y60-V051_20[[#This Row],[TOTAL]])+V051_20[[#This Row],[FAENA2]] -> 82.75 | AB61: =(AB60-V051_20[[#This Row],[CYLINDER MP]])+V051_20[[#This Row],[FAENA EN LTS]] -> 100 | AE61: =(AE60-V051_20[[#This Row],[CARTER MP.]])+V051_20[[#This Row],[FAENA EN LTS2]] -> 100 | AH61: =(AH60-V051_20[[#This Row],[MOT AUX]])+V051_20[[#This Row],[FAENA EN LTS]] -> 100 | AK61: =(AK60-V051_20[[#This Row],[HIDRAULICO]])+V051_20[[#This Row],[FAENA EN LTS3]] -> 100
A62: V051-19 | B62: 43836 | C62: 0.72083333 | D62: =IF(V051_20[[#This Row],[FECHA]]-B61=1,((V051_20[[#This Row],[HORA]]-C61)*24)+24,(V051_20[[#This Row],[HORA]]-C61)*24) -> 3 | E62: OTRAS ACT. | F62: INICIO DESCARGA ETEN | I62: =IF(ISERROR(V051_20[[#This Row],[DISTANCIA POR CARTA]]/V051_20[[#This Row],[TIEMPO DE NAVEGACION]]),0,V051_20[[#This Row],[DISTANCIA POR CARTA]]/V051_20[[#This Row],[TIEMPO DE NAVEGACION]]) -> 0 | L62: 0 | M62: 0.3125 | N62: 0.25 | O62: =SUM(V051_20[[#This Row],[MPAL]:[CALDERA]]) -> 0.5625 | Q62: =(Q61-V051_20[[#This Row],[TOTAL ]])+V051_20[[#This Row],[FAENA]] -> 320.915 | R62: 0 | S62: 0 | T62: 0 | U62: 0 | V62: 0 | W62: =SUM(V051_20[[#This Row],[MPAL2]:[GI]]) -> 0 | Y62: =(Y61-V051_20[[#This Row],[TOTAL]])+V051_20[[#This Row],[FAENA2]] -> 82.75 | AB62: =(AB61-V051_20[[#This Row],[CYLINDER MP]])+V051_20[[#This Row],[FAENA EN LTS]] -> 100 | AE62: =(AE61-V051_20[[#This Row],[CARTER MP.]])+V051_20[[#This Row],[FAENA EN LTS2]] -> 100 | AH62: =(AH61-V051_20[[#This Row],[MOT AUX]])+V051_20[[#This Row],[FAENA EN LTS]] -> 100 | AK62: =(AK61-V051_20[[#This Row],[HIDRAULICO]])+V051_20[[#This Row],[FAENA EN LTS3]] -> 100
A63: V051-19 | B63: 43837 | C63: 0.33333333 | D63: =IF(V051_20[[#This Row],[FECHA]]-B62=1,((V051_20[[#This Row],[HORA]]-C62)*24)+24,(V051_20[[#This Row],[HORA]]-C62)*24) -> 14.7 | E63: DESCARGANDO | F63: DESCARGANDO | I63: =IF(ISERROR(V051_20[[#This Row],[DISTANCIA POR CARTA]]/V051_20[[#This Row],[TIEMPO DE NAVEGACION]]),0,V051_20[[#This Row],[DISTANCIA POR CARTA]]/V051_20[[#This Row],[TIEMPO DE NAVEGACION]]) -> 0 | L63: 0 | M63: 1.53125 | N63: 1.225 | O63: =SUM(V051_20[[#This Row],[MPAL]:[CALDERA]]) -> 2.75625 | Q63: =(Q62-V051_20[[#This Row],[TOTAL ]])+V051_20[[#This Row],[FAENA]] -> 318.15875 | R63: 0 | S63: 0 | T63: 0 | U63: 0 | V63: 2.3 | W63: =SUM(V051_20[[#This Row],[MPAL2]:[GI]]) -> 2.3 | Y63: =(Y62-V051_20[[#This Row],[TOTAL]])+V051_20[[#This Row],[FAENA2]] -> 80.45 | AB63: =(AB62-V051_20[[#This Row],[CYLINDER MP]])+V051_20[[#This Row],[FAENA EN LTS]] -> 100 | AE63: =(AE62-V051_20[[#This Row],[CARTER MP.]])+V051_20[[#This Row],[FAENA EN LTS2]] -> 100 | AH63: =(AH62-V051_20[[#This Row],[MOT AUX]])+V051_20[[#This Row],[FAENA EN LTS]] -> 100 | AK63: =(AK62-V051_20[[#This Row],[HIDRAULICO]])+V051_20[[#This Row],[FAENA EN LTS3]] -> 100
A64: V051-19 | B64: 43837 | C64: 0.88333333 | D64: =IF(V051_20[[#This Row],[FECHA]]-B63=1,((V051_20[[#This Row],[HORA]]-C63)*24)+24,(V051_20[[#This Row],[HORA]]-C63)*24) -> 13.2 | E64: DESCARGANDO | F64: TERMINO DESCARGA ETEN | I64: =IF(ISERROR(V051_20[[#This Row],[DISTANCIA POR CARTA]]/V051_20[[#This Row],[TIEMPO DE NAVEGACION]]),0,V051_20[[#This Row],[DISTANCIA POR CARTA]]/V051_20[[#This Row],[TIEMPO DE NAVEGACION]]) -> 0 | L64: 0 | M64: 1.375 | N64: 1.1 | O64: =SUM(V051_20[[#This Row],[MPAL]:[CALDERA]]) -> 2.475 | Q64: =(Q63-V051_20[[#This Row],[TOTAL ]])+V051_20[[#This Row],[FAENA]] -> 315.68375 | R64: 0 | S64: 0 | T64: 0 | U64: 0 | V64: 2.2 | W64: =SUM(V051_20[[#This Row],[MPAL2]:[GI]]) -> 2.2 | Y64: =(Y63-V051_20[[#This Row],[TOTAL]])+V051_20[[#This Row],[FAENA2]] -> 78.25 | AB64: =(AB63-V051_20[[#This Row],[CYLINDER MP]])+V051_20[[#This Row],[FAENA EN LTS]] -> 100 | AE64: =(AE63-V051_20[[#This Row],[CARTER MP.]])+V051_20[[#This Row],[FAENA EN LTS2]] -> 100 | AH64: =(AH63-V051_20[[#This Row],[MOT AUX]])+V051_20[[#This Row],[FAENA EN LTS]] -> 100 | AK64: =(AK63-V051_20[[#This Row],[HIDRAULICO]])+V051_20[[#This Row],[FAENA EN LTS3]] -> 100
A65: V051-19 | B65: 43838 | C65: 0.016666667 | D65: =IF(V051_20[[#This Row],[FECHA]]-B64=1,((V051_20[[#This Row],[HORA]]-C64)*24)+24,(V051_20[[#This Row],[HORA]]-C64)*24) -> 3.2 | E65: OTRAS ACT. | F65: ANCLA ARRIBA ETEN | I65: =IF(ISERROR(V051_20[[#This Row],[DISTANCIA POR CARTA]]/V051_20[[#This Row],[TIEMPO DE NAVEGACION]]),0,V051_20[[#This Row],[DISTANCIA POR CARTA]]/V051_20[[#This Row],[TIEMPO DE NAVEGACION]]) -> 0 | L65: 0 | M65: 0.33333333 | N65: 0.26666667 | O65: =SUM(V051_20[[#This Row],[MPAL]:[CALDERA]]) -> 0.6 | Q65: =(Q64-V051_20[[#This Row],[TOTAL ]])+V051_20[[#This Row],[FAENA]] -> 315.08375 | R65: 0 | S65: 0 | T65: 0 | U65: 0 | V65: 0 | W65: =SUM(V051_20[[#This Row],[MPAL2]:[GI]]) -> 0 | Y65: =(Y64-V051_20[[#This Row],[TOTAL]])+V051_20[[#This Row],[FAENA2]] -> 78.25 | AB65: =(AB64-V051_20[[#This Row],[CYLINDER MP]])+V051_20[[#This Row],[FAENA EN LTS]] -> 100 | AE65: =(AE64-V051_20[[#This Row],[CARTER MP.]])+V051_20[[#This Row],[FAENA EN LTS2]] -> 100 | AH65: =(AH64-V051_20[[#This Row],[MOT AUX]])+V051_20[[#This Row],[FAENA EN LTS]] -> 100 | AK65: =(AK64-V051_20[[#This Row],[HIDRAULICO]])+V051_20[[#This Row],[FAENA EN LTS3]] -> 100
A66: V051-19 | B66: 43838 | C66: 0.041666667 | D66: =IF(V051_20[[#This Row],[FECHA]]-B65=1,((V051_20[[#This Row],[HORA]]-C65)*24)+24,(V051_20[[#This Row],[HORA]]-C65)*24) -> 0.6 | E66: MANIOBRA | F66: INICIO VIAJE SALAVERRY | I66: =IF(ISERROR(V051_20[[#This Row],[DISTANCIA POR CARTA]]/V051_20[[#This Row],[TIEMPO DE NAVEGACION]]),0,V051_20[[#This Row],[DISTANCIA POR CARTA]]/V051_20[[#This Row],[TIEMPO DE NAVEGACION]]) -> 0 | L66: 0.125 | M66: 0.0625 | N66: 0.05 | O66: =SUM(V051_20[[#This Row],[MPAL]:[CALDERA]]) -> 0.2375 | Q66: =(Q65-V051_20[[#This Row],[TOTAL ]])+V051_20[[#This Row],[FAENA]] -> 314.84625 | R66: 0 | S66: 0 | T66: 0 | U66: 0 | V66: 0 | W66: =SUM(V051_20[[#This Row],[MPAL2]:[GI]]) -> 0 | Y66: =(Y65-V051_20[[#This Row],[TOTAL]])+V051_20[[#This Row],[FAENA2]] -> 78.25 | AB66: =(AB65-V051_20[[#This Row],[CYLINDER MP]])+V051_20[[#This Row],[FAENA EN LTS]] -> 100 | AE66: =(AE65-V051_20[[#This Row],[CARTER MP.]])+V051_20[[#This Row],[FAENA EN LTS2]] -> 100 | AH66: =(AH65-V051_20[[#This Row],[MOT AUX]])+V051_20[[#This Row],[FAENA EN LTS]] -> 100 | AK66: =(AK65-V051_20[[#This Row],[HIDRAULICO]])+V051_20[[#This Row],[FAENA EN LTS3]] -> 100
A67: V051-19 | B67: 43838 | C67: 0.33333333 | D67: =IF(V051_20[[#This Row],[FECHA]]-B66=1,((V051_20[[#This Row],[HORA]]-C66)*24)+24,(V051_20[[#This Row],[HORA]]-C66)*24) -> 7 | E67: NAVEGANDO CON CARGA | F67: SALAVERRY | I67: =IF(ISERROR(V051_20[[#This Row],[DISTANCIA POR CARTA]]/V051_20[[#This Row],[TIEMPO DE NAVEGACION]]),0,V051_20[[#This Row],[DISTANCIA POR CARTA]]/V051_20[[#This Row],[TIEMPO DE NAVEGACION]]) -> 0 | J67: S3 | K67: 95 | L67: 6.4166667 | M67: 0.72916667 | N67: 0 | O67: =SUM(V051_20[[#This Row],[MPAL]:[CALDERA]]) -> 7.1458333 | Q67: =(Q66-V051_20[[#This Row],[TOTAL ]])+V051_20[[#This Row],[FAENA]] -> 307.70042 | R67: 0 | S67: 0 | T67: 0 | U67: 0 | V67: 0 | W67: =SUM(V051_20[[#This Row],[MPAL2]:[GI]]) -> 0 | Y67: =(Y66-V051_20[[#This Row],[TOTAL]])+V051_20[[#This Row],[FAENA2]] -> 78.25 | AB67: =(AB66-V051_20[[#This Row],[CYLINDER MP]])+V051_20[[#This Row],[FAENA EN LTS]] -> 100 | AE67: =(AE66-V051_20[[#This Row],[CARTER MP.]])+V051_20[[#This Row],[FAENA EN LTS2]] -> 100 | AH67: =(AH66-V051_20[[#This Row],[MOT AUX]])+V051_20[[#This Row],[FAENA EN LTS]] -> 100 | AK67: =(AK66-V051_20[[#This Row],[HIDRAULICO]])+V051_20[[#This Row],[FAENA EN LTS3]] -> 100
A68: V051-19 | B68: 43838 | C68: 0.41666667 | D68: =IF(V051_20[[#This Row],[FECHA]]-B67=1,((V051_20[[#This Row],[HORA]]-C67)*24)+24,(V051_20[[#This Row],[HORA]]-C67)*24) -> 2 | E68: NAVEGANDO CON CARGA | F68: ARRIBO SALAVERRY | G68: 96 | H68: 9 | I68: =IF(ISERROR(V051_20[[#This Row],[DISTANCIA POR CARTA]]/V051_20[[#This Row],[TIEMPO DE NAVEGACION]]),0,V051_20[[#This Row],[DISTANCIA POR CARTA]]/V051_20[[#This Row],[TIEMPO DE NAVEGACION]]) -> 10.666667 | J68: S 3 | K68: 95 | L68: 1.8333333 | M68: 0.20833333 | N68: 0 | O68: =SUM(V051_20[[#This Row],[MPAL]:[CALDERA]]) -> 2.0416667 | Q68: =(Q67-V051_20[[#This Row],[TOTAL ]])+V051_20[[#This Row],[FAENA]] -> 305.65875 | R68: 0 | S68: 0 | T68: 0 | U68: 0 | V68: 0 | W68: =SUM(V051_20[[#This Row],[MPAL2]:[GI]]) -> 0 | Y68: =(Y67-V051_20[[#This Row],[TOTAL]])+V051_20[[#This Row],[FAENA2]] -> 78.25 | AB68: =(AB67-V051_20[[#This Row],[CYLINDER MP]])+V051_20[[#This Row],[FAENA EN LTS]] -> 100 | AE68: =(AE67-V051_20[[#This Row],[CARTER MP.]])+V051_20[[#This Row],[FAENA EN LTS2]] -> 100 | AH68: =(AH67-V051_20[[#This Row],[MOT AUX]])+V051_20[[#This Row],[FAENA EN LTS]] -> 100 | AK68: =(AK67-V051_20[[#This Row],[HIDRAULICO]])+V051_20[[#This Row],[FAENA EN LTS3]] -> 100
A69: V051-19 | B69: 43838 | C69: 0.49583333 | D69: =IF(V051_20[[#This Row],[FECHA]]-B68=1,((V051_20[[#This Row],[HORA]]-C68)*24)+24,(V051_20[[#This Row],[HORA]]-C68)*24) -> 1.9 | E69: MANIOBRA | F69: TCM SALAVERRY | I69: =IF(ISERROR(V051_20[[#This Row],[DISTANCIA POR CARTA]]/V051_20[[#This Row],[TIEMPO DE NAVEGACION]]),0,V051_20[[#This Row],[DISTANCIA POR CARTA]]/V051_20[[#This Row],[TIEMPO DE NAVEGACION]]) -> 0 | L69: 0.15833333 | M69: 0.19791667 | N69: 0.15833333 | O69: =SUM(V051_20[[#This Row],[MPAL]:[CALDERA]]) -> 0.51458333 | Q69: =(Q68-V051_20[[#This Row],[TOTAL ]])+V051_20[[#This Row],[FAENA]] -> 305.14417 | R69: 0 | S69: 0 | T69: 0 | U69: 0 | V69: 0 | W69: =SUM(V051_20[[#This Row],[MPAL2]:[GI]]) -> 0 | Y69: =(Y68-V051_20[[#This Row],[TOTAL]])+V051_20[[#This Row],[FAENA2]] -> 78.25 | AB69: =(AB68-V051_20[[#This Row],[CYLINDER MP]])+V051_20[[#This Row],[FAENA EN LTS]] -> 100 | AE69: =(AE68-V051_20[[#This Row],[CARTER MP.]])+V051_20[[#This Row],[FAENA EN LTS2]] -> 100 | AH69: =(AH68-V051_20[[#This Row],[MOT AUX]])+V051_20[[#This Row],[FAENA EN LTS]] -> 100 | AK69: =(AK68-V051_20[[#This Row],[HIDRAULICO]])+V051_20[[#This Row],[FAENA EN LTS3]] -> 100
A70: V051-19 | B70: 43838 | C70: 0.675 | D70: =IF(V051_20[[#This Row],[FECHA]]-B69=1,((V051_20[[#This Row],[HORA]]-C69)*24)+24,(V051_20[[#This Row],[HORA]]-C69)*24) -> 4.3 | E70: OTRAS ACT. | F70: INICIO DESCARGA SALAVERRY | I70: =IF(ISERROR(V051_20[[#This Row],[DISTANCIA POR CARTA]]/V051_20[[#This Row],[TIEMPO DE NAVEGACION]]),0,V051_20[[#This Row],[DISTANCIA POR CARTA]]/V051_20[[#This Row],[TIEMPO DE NAVEGACION]]) -> 0 | L70: 0 | M70: 0.44791667 | N70: 0.35833333 | O70: =SUM(V051_20[[#This Row],[MPAL]:[CALDERA]]) -> 0.80625 | Q70: =(Q69-V051_20[[#This Row],[TOTAL ]])+V051_20[[#This Row],[FAENA]] -> 304.33792 | R70: 0 | S70: 0 | T70: 0 | U70: 0 | V70: 0 | W70: =SUM(V051_20[[#This Row],[MPAL2]:[GI]]) -> 0 | Y70: =(Y69-V051_20[[#This Row],[TOTAL]])+V051_20[[#This Row],[FAENA2]] -> 78.25 | AB70: =(AB69-V051_20[[#This Row],[CYLINDER MP]])+V051_20[[#This Row],[FAENA EN LTS]] -> 100 | AE70: =(AE69-V051_20[[#This Row],[CARTER MP.]])+V051_20[[#This Row],[FAENA EN LTS2]] -> 100 | AH70: =(AH69-V051_20[[#This Row],[MOT AUX]])+V051_20[[#This Row],[FAENA EN LTS]] -> 100 | AK70: =(AK69-V051_20[[#This Row],[HIDRAULICO]])+V051_20[[#This Row],[FAENA EN LTS3]] -> 100
A71: V051-19 | B71: 43839 | C71: 0.33333333 | D71: =IF(V051_20[[#This Row],[FECHA]]-B70=1,((V051_20[[#This Row],[HORA]]-C70)*24)+24,(V051_20[[#This Row],[HORA]]-C70)*24) -> 15.8 | E71: DESCARGANDO | F71: DESCARGANDO | I71: =IF(ISERROR(V051_20[[#This Row],[DISTANCIA POR CARTA]]/V051_20[[#This Row],[TIEMPO DE NAVEGACION]]),0,V051_20[[#This Row],[DISTANCIA POR CARTA]]/V051_20[[#This Row],[TIEMPO DE NAVEGACION]]) -> 0 | L71: 0 | M71: 1.6458333 | N71: 1.3166667 | O71: =SUM(V051_20[[#This Row],[MPAL]:[CALDERA]]) -> 2.9625 | Q71: =(Q70-V051_20[[#This Row],[TOTAL ]])+V051_20[[#This Row],[FAENA]] -> 301.37542 | R71: 0 | S71: 0 | T71: 0 | U71: 0 | V71: 2.6 | W71: =SUM(V051_20[[#This Row],[MPAL2]:[GI]]) -> 2.6 | Y71: =(Y70-V051_20[[#This Row],[TOTAL]])+V051_20[[#This Row],[FAENA2]] -> 75.65 | AB71: =(AB70-V051_20[[#This Row],[CYLINDER MP]])+V051_20[[#This Row],[FAENA EN LTS]] -> 100 | AE71: =(AE70-V051_20[[#This Row],[CARTER MP.]])+V051_20[[#This Row],[FAENA EN LTS2]] -> 100 | AH71: =(AH70-V051_20[[#This Row],[MOT AUX]])+V051_20[[#This Row],[FAENA EN LTS]] -> 100 | AK71: =(AK70-V051_20[[#This Row],[HIDRAULICO]])+V051_20[[#This Row],[FAENA EN LTS3]] -> 100
A72: V051-19 | B72: 43839 | C72: 0.425 | D72: =IF(V051_20[[#This Row],[FECHA]]-B71=1,((V051_20[[#This Row],[HORA]]-C71)*24)+24,(V051_20[[#This Row],[HORA]]-C71)*24) -> 2.2 | E72: DESCARGANDO | F72: TERMINO DESCARGA SALAVERRY | I72: =IF(ISERROR(V051_20[[#This Row],[DISTANCIA POR CARTA]]/V051_20[[#This Row],[TIEMPO DE NAVEGACION]]),0,V051_20[[#This Row],[DISTANCIA POR CARTA]]/V051_20[[#This Row],[TIEMPO DE NAVEGACION]]) -> 0 | L72: 0 | M72: 0.22916667 | N72: 0.18333333 | O72: =SUM(V051_20[[#This Row],[MPAL]:[CALDERA]]) -> 0.4125 | Q72: =(Q71-V051_20[[#This Row],[TOTAL ]])+V051_20[[#This Row],[FAENA]] -> 300.96292 | R72: 0 | S72: 0 | T72: 0 | U72: 0 | V72: 0.3 | W72: =SUM(V051_20[[#This Row],[MPAL2]:[GI]]) -> 0.3 | Y72: =(Y71-V051_20[[#This Row],[TOTAL]])+V051_20[[#This Row],[FAENA2]] -> 75.35 | AB72: =(AB71-V051_20[[#This Row],[CYLINDER MP]])+V051_20[[#This Row],[FAENA EN LTS]] -> 100 | AE72: =(AE71-V051_20[[#This Row],[CARTER MP.]])+V051_20[[#This Row],[FAENA EN LTS2]] -> 100 | AH72: =(AH71-V051_20[[#This Row],[MOT AUX]])+V051_20[[#This Row],[FAENA EN LTS]] -> 100 | AK72: =(AK71-V051_20[[#This Row],[HIDRAULICO]])+V051_20[[#This Row],[FAENA EN LTS3]] -> 100
A73: V051-19 | B73: 43839 | C73: 0.575 | D73: =IF(V051_20[[#This Row],[FECHA]]-B72=1,((V051_20[[#This Row],[HORA]]-C72)*24)+24,(V051_20[[#This Row],[HORA]]-C72)*24) -> 3.6 | E73: OTRAS ACT. | F73: ANCLA ARRIBA SALAVERRY | I73: =IF(ISERROR(V051_20[[#This Row],[DISTANCIA POR CARTA]]/V051_20[[#This Row],[TIEMPO DE NAVEGACION]]),0,V051_20[[#This Row],[DISTANCIA POR CARTA]]/V051_20[[#This Row],[TIEMPO DE NAVEGACION]]) -> 0 | L73: 0 | M73: 0.375 | N73: 0.3 | O73: =SUM(V051_20[[#This Row],[MPAL]:[CALDERA]]) -> 0.675 | Q73: =(Q72-V051_20[[#This Row],[TOTAL ]])+V051_20[[#This Row],[FAENA]] -> 300.28792 | R73: 0 | S73: 0 | T73: 0 | U73: 0 | V73: 0 | W73: =SUM(V051_20[[#This Row],[MPAL2]:[GI]]) -> 0 | Y73: =(Y72-V051_20[[#This Row],[TOTAL]])+V051_20[[#This Row],[FAENA2]] -> 75.35 | AB73: =(AB72-V051_20[[#This Row],[CYLINDER MP]])+V051_20[[#This Row],[FAENA EN LTS]] -> 100 | AE73: =(AE72-V051_20[[#This Row],[CARTER MP.]])+V051_20[[#This Row],[FAENA EN LTS2]] -> 100 | AH73: =(AH72-V051_20[[#This Row],[MOT AUX]])+V051_20[[#This Row],[FAENA EN LTS]] -> 100 | AK73: =(AK72-V051_20[[#This Row],[HIDRAULICO]])+V051_20[[#This Row],[FAENA EN LTS3]] -> 100
A74: V051-19 | B74: 43839 | C74: 0.60416667 | D74: =IF(V051_20[[#This Row],[FECHA]]-B73=1,((V051_20[[#This Row],[HORA]]-C73)*24)+24,(V051_20[[#This Row],[HORA]]-C73)*24) -> 0.7 | E74: MANIOBRA | F74: INICIO VIAJE CALLAO | I74: =IF(ISERROR(V051_20[[#This Row],[DISTANCIA POR CARTA]]/V051_20[[#This Row],[TIEMPO DE NAVEGACION]]),0,V051_20[[#This Row],[DISTANCIA POR CARTA]]/V051_20[[#This Row],[TIEMPO DE NAVEGACION]]) -> 0 | L74: 0.14583333 | M74: 0.072916667 | N74: 0.058333333 | O74: =SUM(V051_20[[#This Row],[MPAL]:[CALDERA]]) -> 0.27708333 | Q74: =(Q73-V051_20[[#This Row],[TOTAL ]])+V051_20[[#This Row],[FAENA]] -> 300.01083 | R74: 0 | S74: 0 | T74: 0 | U74: 0 | V74: 0 | W74: =SUM(V051_20[[#This Row],[MPAL2]:[GI]]) -> 0 | Y74: =(Y73-V051_20[[#This Row],[TOTAL]])+V051_20[[#This Row],[FAENA2]] -> 75.35 | AB74: =(AB73-V051_20[[#This Row],[CYLINDER MP]])+V051_20[[#This Row],[FAENA EN LTS]] -> 100 | AE74: =(AE73-V051_20[[#This Row],[CARTER MP.]])+V051_20[[#This Row],[FAENA EN LTS2]] -> 100 | AH74: =(AH73-V051_20[[#This Row],[MOT AUX]])+V051_20[[#This Row],[FAENA EN LTS]] -> 100 | AK74: =(AK73-V051_20[[#This Row],[HIDRAULICO]])+V051_20[[#This Row],[FAENA EN LTS3]] -> 100
A75: V051-19 | B75: 43840 | C75: 0.33333333 | D75: =IF(V051_20[[#This Row],[FECHA]]-B74=1,((V051_20[[#This Row],[HORA]]-C74)*24)+24,(V051_20[[#This Row],[HORA]]-C74)*24) -> 17.5 | E75: NAVEGANDO EN LASTRE | F75: NAVEGANDO ACALLAO | I75: =IF(ISERROR(V051_20[[#This Row],[DISTANCIA POR CARTA]]/V051_20[[#This Row],[TIEMPO DE NAVEGACION]]),0,V051_20[[#This Row],[DISTANCIA POR CARTA]]/V051_20[[#This Row],[TIEMPO DE NAVEGACION]]) -> 0 | J75: S4 | K75: 95 | L75: 16.041667 | M75: 1.8229167 | N75: 0 | O75: =SUM(V051_20[[#This Row],[MPAL]:[CALDERA]]) -> 17.864583 | Q75: =(Q74-V051_20[[#This Row],[TOTAL ]])+V051_20[[#This Row],[FAENA]] -> 282.14625 | R75: 0 | S75: 0 | T75: 0 | U75: 0 | V75: 0 | W75: =SUM(V051_20[[#This Row],[MPAL2]:[GI]]) -> 0 | Y75: =(Y74-V051_20[[#This Row],[TOTAL]])+V051_20[[#This Row],[FAENA2]] -> 75.35 | AB75: =(AB74-V051_20[[#This Row],[CYLINDER MP]])+V051_20[[#This Row],[FAENA EN LTS]] -> 100 | AE75: =(AE74-V051_20[[#This Row],[CARTER MP.]])+V051_20[[#This Row],[FAENA EN LTS2]] -> 100 | AH75: =(AH74-V051_20[[#This Row],[MOT AUX]])+V051_20[[#This Row],[FAENA EN LTS]] -> 100 | AK75: =(AK74-V051_20[[#This Row],[HIDRAULICO]])+V051_20[[#This Row],[FAENA EN LTS3]] -> 100
A76: V051-19 | B76: 43840 | C76: 0.625 | D76: =IF(V051_20[[#This Row],[FECHA]]-B75=1,((V051_20[[#This Row],[HORA]]-C75)*24)+24,(V051_20[[#This Row],[HORA]]-C75)*24) -> 7 | E76: NAVEGANDO EN LASTRE | F76: ARRIBO CALLAO | G76: 265 | H76: 24.5 | I76: =IF(ISERROR(V051_20[[#This Row],[DISTANCIA POR CARTA]]/V051_20[[#This Row],[TIEMPO DE NAVEGACION]]),0,V051_20[[#This Row],[DISTANCIA POR CARTA]]/V051_20[[#This Row],[TIEMPO DE NAVEGACION]]) -> 10.816327 | J76: S 4 | K76: 95 | L76: 6.4166667 | M76: 0.72916667 | N76: 0 | O76: =SUM(V051_20[[#This Row],[MPAL]:[CALDERA]]) -> 7.1458333 | Q76: =(Q75-V051_20[[#This Row],[TOTAL ]])+V051_20[[#This Row],[FAENA]] -> 275.00042 | R76: 0 | S76: 0 | T76: 0 | U76: 0 | V76: 0 | W76: =SUM(V051_20[[#This Row],[MPAL2]:[GI]]) -> 0 | Y76: =(Y75-V051_20[[#This Row],[TOTAL]])+V051_20[[#This Row],[FAENA2]] -> 75.35 | AB76: =(AB75-V051_20[[#This Row],[CYLINDER MP]])+V051_20[[#This Row],[FAENA EN LTS]] -> 100 | AE76: =(AE75-V051_20[[#This Row],[CARTER MP.]])+V051_20[[#This Row],[FAENA EN LTS2]] -> 100 | AH76: =(AH75-V051_20[[#This Row],[MOT AUX]])+V051_20[[#This Row],[FAENA EN LTS]] -> 100 | AK76: =(AK75-V051_20[[#This Row],[HIDRAULICO]])+V051_20[[#This Row],[FAENA EN LTS3]] -> 100
D77: =SUBTOTAL(109,V051_20[TIEMPO Hrs]) -> 455 | L77: =SUBTOTAL(109,V051_20[MPAL]) -> 84.308333 | M77: =SUBTOTAL(109,V051_20[AUX.]) -> 44.89 | N77: =SUBTOTAL(109,V051_20[CALDERA]) -> 48.80125
O78: =SUM(L77:N77) -> 177.99958
C79: RESUMEN VIAJE CONSUMO VLSFO | T79: RESUMEN VIAJE VIAJE MGO EN MT
C81: ACTIVIDAD REALIZADA | D81: TOTAL DE HORAS POR ACTIVIDAD | E81: TOTAL MILLAS NAVEGADAS | F81: PROMEDIO VELOCIDAD REAL | G81: VELOCIDAD POR CONTRATO | H81: CONSUMO VIAJE REAL | I81: CONSUMO DIARIO REAL | J81: CONSUMO DIARIO POR CONTRATO | K81: HORAS NAVEGADAS POR CONTRATO | L81: CONSUMO VIAJE POR CONTRATO | M81: BALANCE DE COMBUSTIBLE | N81: BALANCE HORAS NAVEGADAS | R81: EQUIPO | S81: CONSUMO VAIJE REAL | T81: CONSUMO DIARIO REAL | U81: CONSUMO DIARIO POR CONTRATO | V81: CONSUMO MENSUAL POR CONTRATO | W81: BALANCE MENSUAL
C82: CARGANDO | D82: =SUMIF($E$6:$E$76,C82,$D$6:$D$76) -> 55.8 | H82: =SUMIF($E$6:$E$76,C82,$L$6:$L$76)+SUMIF($E$6:$E$76,C82,$M$6:$M$76)+SUMIF($E$6:$E$76,C82,$N$6:$N$76) -> 16.391667 | I82: =IF(ISERROR(H82*24/D82),0,H82*24/D82) -> 7.0501792 | J82: 4.5 | L82: =D82*J82/24 -> 10.4625 | M82: =L82-H82 -> -5.9291667 | R82: GAS INERT | S82: =SUM(V6:V76) -> 11.4 | T82: =S82*24/($D$83+$D$89) -> 1.8215712 | U82: 6 | V82: =($D$83+$D$89)*U82/24 -> 37.55 | W82: =V82-S82 -> 26.15
C83: DESCARGANDO | D83: =SUMIF($E$6:$E$76,C83,$D$6:$D$76) -> 65.2 | H83: =SUMIF($E$6:$E$76,C83,$L$6:$L$76)+SUMIF($E$6:$E$76,C83,$M$6:$M$76)+SUMIF($E$6:$E$76,C83,$N$6:$N$76) -> 13.625 | I83: =H83*24/D83 -> 5.0153374 | J83: 4.5 | L83: =D83*4.5/24 -> 12.225 | M83: =L83-H83 -> -1.4 | R83: M/AUX | S83: =SUM(S6:S76) -> 2.42 | T83: =S83*24/($D$83+$D$89) -> 0.38668442
C84: NAVEGANDO EN LASTRE | D84: =SUMIF($E$6:$E$76,C84,$D$6:$D$76) -> 24.5 | E84: =SUMIF($E$6:$E$76,C84,$G$6:$G$76) -> 265 | F84: =E84/D84 -> 10.816327 | G84: 12.5 | H84: =SUMIF($E$6:$E$76,C84,$L$6:$L$76)+SUMIF($E$6:$E$76,C84,$M$6:$M$76)+SUMIF($E$6:$E$76,C84,$N$6:$N$76) -> 25.010417 | I84: =H84*24/D84 -> 24.5 | J84: 30.5 | K84: =E84/G84 -> 21.2 | L84: =K84*J84/24 -> 26.941667 | M84: =L84-H84 -> 1.93125 | N84: =K84-D84 -> -3.3 | R84: CALDERA | S84: =SUM(T6:T76) -> 1.93 | T84: =S84*24/($D$83+$D$89) -> 0.30838881
C85: NAVEGANDO CON CARGA | D85: =SUMIF($E$6:$E$76,C85,$D$6:$D$76) -> 63 | E85: =SUMIF($E$6:$E$76,C85,$G$6:$G$76) -> 453 | F85: =E85/D85 -> 7.1904762 | G85: 12 | H85: =SUMIF($E$6:$E$76,C85,$L$6:$L$76)+SUMIF($E$6:$E$76,C85,$M$6:$M$76)+SUMIF($E$6:$E$76,C85,$N$6:$N$76) -> 67.8625 | I85: =H85*24/D85 -> 25.852381 | J85: 30.5 | K85: =E85/G85 -> 37.75 | L85: =K85*J85/24 -> 47.973958 | M85: =L85-H85 -> -19.888542 | N85: =K85-D85 -> -25.25 | R85: POWER P | S85: =SUM(U6:U76) -> 0 | T85: =S85*24/($D$83+$D$89) -> 0
C86: NAVEGACION ECONOMICA | D86: =SUMIF($E$6:$E$76,C86,$D$6:$D$76) -> 0 | E86: =SUMIF($E$6:$E$76,C86,$G$6:$G$76) -> 0 | F86: =IF(ISERROR(E86/D86),0,E86/D86) -> 0 | G86: 12 | H86: =SUMIF($E$6:$E$76,C86,$L$6:$L$76)+SUMIF($E$6:$E$76,C86,$M$6:$M$76)+SUMIF($E$6:$E$76,C86,$N$6:$N$76) -> 0 | I86: =IF(ISERROR(H86*24/D86),"0",H86*24/D86) -> 0 | J86: 30.5 | K86: =IF(ISERROR(E86/G86),0,E86/G86) -> 0 | L86: =K86*J86/24 -> 0 | M86: =L86-H86 -> 0 | N86: =K86-D86 -> 0 | R86: MPAL2 | S86: =SUM(R6:R76) -> 9.8 | T86: =S86*24/($D$83+$D$89) -> 1.5659121
C87: FONDEADO | D87: =SUMIF($E$6:$E$76,C87,$D$6:$D$76) -> 142.3 | H87: =SUMIF($E$6:$E$76,C87,$L$6:$L$76)+SUMIF($E$6:$E$76,C87,$M$6:$M$76)+SUMIF($E$6:$E$76,C87,$N$6:$N$76) -> 27.270833 | I87: =H87*24/D87 -> 4.5994378 | J87: 4.5 | L87: =D87*J87/24 -> 26.68125 | M87: =L87-H87 -> -0.58958333
C88: MANIOBRA | D88: =SUMIF($E$6:$E$76,C88,$D$6:$D$76) -> 19.2 | H88: =SUMIF($E$6:$E$76,C88,$L$6:$L$76)+SUMIF($E$6:$E$76,C88,$M$6:$M$76)+SUMIF($E$6:$E$76,C88,$N$6:$N$76) -> 9.6858333 | I88: =H88*24/D88 -> 12.107292 | J88: 4.5 | L88: =D88*J88/24 -> 3.6 | M88: =L88-H88 -> -6.0858333
C89: OTRAS ACT. | D89: =SUMIF($E$6:$E$76,C89,$D$6:$D$76) -> 85 | H89: =SUMIF($E$6:$E$76,C89,$L$6:$L$76)+SUMIF($E$6:$E$76,C89,$M$6:$M$76)+SUMIF($E$6:$E$76,C89,$N$6:$N$76) -> 18.153333 | I89: =H89*24/D89 -> 5.1256471 | J89: 4.5 | L89: =D89*J89/24 -> 15.9375 | M89: =L89-H89 -> -2.2158333 | R89: TOTAL | S89: =SUM(S82:S86) -> 25.55 | T89: =SUM(T82:T86) -> 4.0825566
C92: TOTAL | D92: =SUM(D82:D89) -> 455 | E92: =SUM(E82:E89) -> 718 | F92: =SUM(F82:F89)/2 -> 9.0034014 | H92: =SUM(H82:H89) -> 177.99958 | L92: =SUM(L82:L89) -> 143.82188 | M92: =SUM(M82:M89) -> -34.177708 | N92: =SUM(N82:N89) -> -28.55

Sheet V052-20
G3: DATOS DE NAVEGACION | L3: CONSUMO VLSFO | R3: CONSUMO MGO | Z3: CONSUMO LUBRICANTES EN LTS
A4: INICIO | B4: 43840 | C4: 0.625 | L4: VIAJE ANTERIO | Q4: 275 | R4: VIAJE ANTERIOR | Y4: 75.35 | AA4: VIAJE ANT | AB4: 100 | AD4: VIAJE ANT | AE4: 100 | AG4: VIAJE ANT | AH4: 100 | AJ4: VIAJE ANT | AK4: 100
A5: VIAJE | B5: FECHA | C5: HORA | D5: TIEMPO Hrs | E5: ACTIVIDAD REALIZADA | F5: REFERENCIA | G5: DISTANCIA POR CARTA | H5: TIEMPO DE NAVEGACION | I5: VELOCIDAD | J5: BEAUFORT | K5: RPM | L5: MPAL | M5: AUX. | N5: CALDERA | O5: TOTAL | P5: FAENA | Q5: ROB | R5: MPAL2 | S5: AUX | T5: CALDERA | U5: PP | V5: GI | W5: TOTAL | X5: FAENA2 | Y5: ROB | Z5: CYLINDER MP | AA5: FAENA EN LTS | AB5: CYLINDER MP ROB EN LTS | AC5: CARTER MP. | AD5: FAENA EN LTS2 | AE5: CARTER MP. ROB EN LTS | AF5: MOT AUX | AG5: FAENA EN LTS | AH5: MOT AUX ROB EN LTS | AI5: HIDRAULICO | AJ5: FAENA EN LTS3 | AK5: HIDRAULICO ROB EN LTS
A6: V052-20 | B6: 43840 | C6: 0.64583333 | D6: =IF(V052_20[[#This Row],[FECHA]]-B4=1,((V052_20[[#This Row],[HORA]]-C4)*24)+24,(V052_20[[#This Row],[HORA]]-C4)*24) -> 0.5 | E6: MANIOBRA | F6: TCM CALLAO | I6: 0 | L6: 0.10416667 | M6: 0.052083333 | N6: 0.041666667 | O6: =SUM(V052_20[[#This Row],[MPAL]:[CALDERA]]) -> 0.19791667 | Q6: =(Q4-V052_20[[#This Row],[TOTAL ]])+V052_20[[#This Row],[FAENA]] -> 274.80208 | R6: 0 | S6: 0 | T6: 0 | U6: 0 | V6: 0 | W6: =SUM(V052_20[[#This Row],[MPAL2]:[GI]]) -> 0 | Y6: =(Y4-V052_20[[#This Row],[TOTAL]])+V052_20[[#This Row],[FAENA2]] -> 75.35 | AB6: =(AB4-V052_20[[#This Row],[CYLINDER MP]])+V052_20[[#This Row],[FAENA EN LTS]] -> 100 | AE6: =(AE4-V052_20[[#This Row],[CARTER MP.]])+V052_20[[#This Row],[FAENA EN LTS2]] -> 100 | AH6: =(AH4-V052_20[[#This Row],[MOT AUX]])+V052_20[[#This Row],[FAENA EN LTS]] -> 100 | AK6: =(AK4-V052_20[[#This Row],[HIDRAULICO]])+V052_20[[#This Row],[FAENA EN LTS3]] -> 100
A7: V052-20 | B7: 43840 | C7: 0.67916667 | D7: =IF(V052_20[[#This Row],[FECHA]]-B6=1,((V052_20[[#This Row],[HORA]]-C6)*24)+24,(V052_20[[#This Row],[HORA]]-C6)*24) -> 0.8 | E7: OTRAS ACT. | F7: ANCLA ARRIBA CALLAO | I7: =IF(ISERROR(V052_20[[#This Row],[DISTANCIA POR CARTA]]/V052_20[[#This Row],[TIEMPO DE NAVEGACION]]),0,V052_20[[#This Row],[DISTANCIA POR CARTA]]/V052_20[[#This Row],[TIEMPO DE NAVEGACION]]) -> 0 | L7: 0 | M7: 0.083333333 | N7: 0.066666667 | O7: =SUM(V052_20[[#This Row],[MPAL]:[CALDERA]]) -> 0.15 | Q7: =(Q6-V052_20[[#This Row],[TOTAL ]])+V052_20[[#This Row],[FAENA]] -> 274.65208 | R7: 0 | S7: 0 | T7: 0 | U7: 0 | V7: 0 | W7: =SUM(V052_20[[#This Row],[MPAL2]:[GI]]) -> 0 | Y7: =(Y6-V052_20[[#This Row],[TOTAL]])+V052_20[[#This Row],[FAENA2]] -> 75.35 | AB7: =(AB6-V052_20[[#This Row],[CYLINDER MP]])+V052_20[[#This Row],[FAENA EN LTS]] -> 100 | AE7: =(AE6-V052_20[[#This Row],[CARTER MP.]])+V052_20[[#This Row],[FAENA EN LTS2]] -> 100 | AH7: =(AH6-V052_20[[#This Row],[MOT AUX]])+V052_20[[#This Row],[FAENA EN LTS]] -> 100 | AK7: =(AK6-V052_20[[#This Row],[HIDRAULICO]])+V052_20[[#This Row],[FAENA EN LTS3]] -> 100
A8: V052-20 | B8: 43840 | C8: 0.85 | D8: =IF(V052_20[[#This Row],[FECHA]]-B7=1,((V052_20[[#This Row],[HORA]]-C7)*24)+24,(V052_20[[#This Row],[HORA]]-C7)*24) -> 4.1 | E8: MANIOBRA | F8: TCM CALLAO | I8: =IF(ISERROR(V052_20[[#This Row],[DISTANCIA POR CARTA]]/V052_20[[#This Row],[TIEMPO DE NAVEGACION]]),0,V052_20[[#This Row],[DISTANCIA POR CARTA]]/V052_20[[#This Row],[TIEMPO DE NAVEGACION]]) -> 0 | L8: 0.5125 | M8: 0.42708333 | N8: 0.34166667 | O8: =SUM(V052_20[[#This Row],[MPAL]:[CALDERA]]) -> 1.28125 | Q8: =(Q7-V052_20[[#This Row],[TOTAL ]])+V052_20[[#This Row],[FAENA]] -> 273.37083 | R8: 0 | S8: 0 | T8: 0 | U8: 0 | V8: 0 | W8: =SUM(V052_20[[#This Row],[MPAL2]:[GI]]) -> 0 | Y8: =(Y7-V052_20[[#This Row],[TOTAL]])+V052_20[[#This Row],[FAENA2]] -> 75.35 | AB8: =(AB7-V052_20[[#This Row],[CYLINDER MP]])+V052_20[[#This Row],[FAENA EN LTS]] -> 100 | AE8: =(AE7-V052_20[[#This Row],[CARTER MP.]])+V052_20[[#This Row],[FAENA EN LTS2]] -> 100 | AH8: =(AH7-V052_20[[#This Row],[MOT AUX]])+V052_20[[#This Row],[FAENA EN LTS]] -> 100 | AK8: =(AK7-V052_20[[#This Row],[HIDRAULICO]])+V052_20[[#This Row],[FAENA EN LTS3]] -> 100
A9: V052-20 | B9: 43841 | C9: 0.33333333 | D9: =IF(V052_20[[#This Row],[FECHA]]-B8=1,((V052_20[[#This Row],[HORA]]-C8)*24)+24,(V052_20[[#This Row],[HORA]]-C8)*24) -> 11.6 | E9: FONDEADO | F9: CALLAO | I9: =IF(ISERROR(V052_20[[#This Row],[DISTANCIA POR CARTA]]/V052_20[[#This Row],[TIEMPO DE NAVEGACION]]),0,V052_20[[#This Row],[DISTANCIA POR CARTA]]/V052_20[[#This Row],[TIEMPO DE NAVEGACION]]) -> 0 | L9: 0 | M9: 1.2083333 | N9: 0.96666667 | O9: =SUM(V052_20[[#This Row],[MPAL]:[CALDERA]]) -> 2.175 | Q9: =(Q8-V052_20[[#This Row],[TOTAL ]])+V052_20[[#This Row],[FAENA]] -> 271.19583 | R9: 0 | S9: 0 | T9: 0 | U9: 0 | V9: 0 | W9: =SUM(V052_20[[#This Row],[MPAL2]:[GI]]) -> 0 | Y9: =(Y8-V052_20[[#This Row],[TOTAL]])+V052_20[[#This Row],[FAENA2]] -> 75.35 | AB9: =(AB8-V052_20[[#This Row],[CYLINDER MP]])+V052_20[[#This Row],[FAENA EN LTS]] -> 100 | AE9: =(AE8-V052_20[[#This Row],[CARTER MP.]])+V052_20[[#This Row],[FAENA EN LTS2]] -> 100 | AH9: =(AH8-V052_20[[#This Row],[MOT AUX]])+V052_20[[#This Row],[FAENA EN LTS]] -> 100 | AK9: =(AK8-V052_20[[#This Row],[HIDRAULICO]])+V052_20[[#This Row],[FAENA EN LTS3]] -> 100
A10: V052-20 | B10: 43841 | C10: 0.55416667 | D10: =IF(V052_20[[#This Row],[FECHA]]-B9=1,((V052_20[[#This Row],[HORA]]-C9)*24)+24,(V052_20[[#This Row],[HORA]]-C9)*24) -> 5.3 | E10: FONDEADO | F10: ANCLA ARRIBA CALLAO | I10: =IF(ISERROR(V052_20[[#This Row],[DISTANCIA POR CARTA]]/V052_20[[#This Row],[TIEMPO DE NAVEGACION]]),0,V052_20[[#This Row],[DISTANCIA POR CARTA]]/V052_20[[#This Row],[TIEMPO DE NAVEGACION]]) -> 0 | L10: 0 | M10: 0.55208333 | N10: 0.44166667 | O10: =SUM(V052_20[[#This Row],[MPAL]:[CALDERA]]) -> 0.99375 | Q10: =(Q9-V052_20[[#This Row],[TOTAL ]])+V052_20[[#This Row],[FAENA]] -> 270.20208 | R10: 0 | S10: 0 | T10: 0 | U10: 0 | V10: 0 | W10: =SUM(V052_20[[#This Row],[MPAL2]:[GI]]) -> 0 | Y10: =(Y9-V052_20[[#This Row],[TOTAL]])+V052_20[[#This Row],[FAENA2]] -> 75.35 | AB10: =(AB9-V052_20[[#This Row],[CYLINDER MP]])+V052_20[[#This Row],[FAENA EN LTS]] -> 100 | AE10: =(AE9-V052_20[[#This Row],[CARTER MP.]])+V052_20[[#This Row],[FAENA EN LTS2]] -> 100 | AH10: =(AH9-V052_20[[#This Row],[MOT AUX]])+V052_20[[#This Row],[FAENA EN LTS]] -> 100 | AK10: =(AK9-V052_20[[#This Row],[HIDRAULICO]])+V052_20[[#This Row],[FAENA EN LTS3]] -> 100
A11: V052-20 | B11: 43841 | C11: 0.65416667 | D11: =IF(V052_20[[#This Row],[FECHA]]-B10=1,((V052_20[[#This Row],[HORA]]-C10)*24)+24,(V052_20[[#This Row],[HORA]]-C10)*24) -> 2.4 | E11: MANIOBRA | F11: TCM CALLAO | I11: =IF(ISERROR(V052_20[[#This Row],[DISTANCIA POR CARTA]]/V052_20[[#This Row],[TIEMPO DE NAVEGACION]]),0,V052_20[[#This Row],[DISTANCIA POR CARTA]]/V052_20[[#This Row],[TIEMPO DE NAVEGACION]]) -> 0 | L11: 0.3 | M11: 0.25 | N11: 0.2 | O11: =SUM(V052_20[[#This Row],[MPAL]:[CALDERA]]) -> 0.75 | Q11: =(Q10-V052_20[[#This Row],[TOTAL ]])+V052_20[[#This Row],[FAENA]] -> 269.45208 | R11: 0 | S11: 0 | T11: 0 | U11: 0 | V11: 0 | W11: =SUM(V052_20[[#This Row],[MPAL2]:[GI]]) -> 0 | Y11: =(Y10-V052_20[[#This Row],[TOTAL]])+V052_20[[#This Row],[FAENA2]] -> 75.35 | AB11: =(AB10-V052_20[[#This Row],[CYLINDER MP]])+V052_20[[#This Row],[FAENA EN LTS]] -> 100 | AE11: =(AE10-V052_20[[#This Row],[CARTER MP.]])+V052_20[[#This Row],[FAENA EN LTS2]] -> 100 | AH11: =(AH10-V052_20[[#This Row],[MOT AUX]])+V052_20[[#This Row],[FAENA EN LTS]] -> 100 | AK11: =(AK10-V052_20[[#This Row],[HIDRAULICO]])+V052_20[[#This Row],[FAENA EN LTS3]] -> 100
A12: V052-20 | B12: 43841 | C12: 0.9125 | D12: =IF(V052_20[[#This Row],[FECHA]]-B11=1,((V052_20[[#This Row],[HORA]]-C11)*24)+24,(V052_20[[#This Row],[HORA]]-C11)*24) -> 6.2 | E12: OTRAS ACT. | F12: INICIO CARGA CALLAO | I12: =IF(ISERROR(V052_20[[#This Row],[DISTANCIA POR CARTA]]/V052_20[[#This Row],[TIEMPO DE NAVEGACION]]),0,V052_20[[#This Row],[DISTANCIA POR CARTA]]/V052_20[[#This Row],[TIEMPO DE NAVEGACION]]) -> 0 | L12: 0 | M12: 0.64583333 | N12: 0.51666667 | O12: =SUM(V052_20[[#This Row],[MPAL]:[CALDERA]]) -> 1.1625 | Q12: =(Q11-V052_20[[#This Row],[TOTAL ]])+V052_20[[#This Row],[FAENA]] -> 268.28958 | R12: 0 | S12: 0 | T12: 0 | U12: 0 | V12: 0 | W12: =SUM(V052_20[[#This Row],[MPAL2]:[GI]]) -> 0 | Y12: =(Y11-V052_20[[#This Row],[TOTAL]])+V052_20[[#This Row],[FAENA2]] -> 75.35 | AB12: =(AB11-V052_20[[#This Row],[CYLINDER MP]])+V052_20[[#This Row],[FAENA EN LTS]] -> 100 | AE12: =(AE11-V052_20[[#This Row],[CARTER MP.]])+V052_20[[#This Row],[FAENA EN LTS2]] -> 100 | AH12: =(AH11-V052_20[[#This Row],[MOT AUX]])+V052_20[[#This Row],[FAENA EN LTS]] -> 100 | AK12: =(AK11-V052_20[[#This Row],[HIDRAULICO]])+V052_20[[#This Row],[FAENA EN LTS3]] -> 100
A13: V052-20 | B13: 43842 | C13: 0.33333333 | D13: =IF(V052_20[[#This Row],[FECHA]]-B12=1,((V052_20[[#This Row],[HORA]]-C12)*24)+24,(V052_20[[#This Row],[HORA]]-C12)*24) -> 10.1 | E13: CARGANDO | F13: CALLAO | I13: =IF(ISERROR(V052_20[[#This Row],[DISTANCIA POR CARTA]]/V052_20[[#This Row],[TIEMPO DE NAVEGACION]]),0,V052_20[[#This Row],[DISTANCIA POR CARTA]]/V052_20[[#This Row],[TIEMPO DE NAVEGACION]]) -> 0 | L13: 0 | M13: 1.0520833 | N13: 0.84166667 | O13: =SUM(V052_20[[#This Row],[MPAL]:[CALDERA]]) -> 1.89375 | Q13: =(Q12-V052_20[[#This Row],[TOTAL ]])+V052_20[[#This Row],[FAENA]] -> 266.39583 | R13: 0 | S13: 0 | T13: 0 | U13: 0 | V13: 0 | W13: =SUM(V052_20[[#This Row],[MPAL2]:[GI]]) -> 0 | Y13: =(Y12-V052_20[[#This Row],[TOTAL]])+V052_20[[#This Row],[FAENA2]] -> 75.35 | AB13: =(AB12-V052_20[[#This Row],[CYLINDER MP]])+V052_20[[#This Row],[FAENA EN LTS]] -> 100 | AE13: =(AE12-V052_20[[#This Row],[CARTER MP.]])+V052_20[[#This Row],[FAENA EN LTS2]] -> 100 | AH13: =(AH12-V052_20[[#This Row],[MOT AUX]])+V052_20[[#This Row],[FAENA EN LTS]] -> 100 | AK13: =(AK12-V052_20[[#This Row],[HIDRAULICO]])+V052_20[[#This Row],[FAENA EN LTS3]] -> 100
A14: V052-20 | B14: 43843 | C14: 0.33333333 | D14: =IF(V052_20[[#This Row],[FECHA]]-B13=1,((V052_20[[#This Row],[HORA]]-C13)*24)+24,(V052_20[[#This Row],[HORA]]-C13)*24) -> 24 | E14: CARGANDO | F14: CALLAO | I14: =IF(ISERROR(V052_20[[#This Row],[DISTANCIA POR CARTA]]/V052_20[[#This Row],[TIEMPO DE NAVEGACION]]),0,V052_20[[#This Row],[DISTANCIA POR CARTA]]/V052_20[[#This Row],[TIEMPO DE NAVEGACION]]) -> 0 | L14: 0 | M14: 2.5 | N14: 2 | O14: =SUM(V052_20[[#This Row],[MPAL]:[CALDERA]]) -> 4.5 | Q14: =(Q13-V052_20[[#This Row],[TOTAL ]])+V052_20[[#This Row],[FAENA]] -> 261.89583 | R14: 0 | S14: 0 | T14: 0 | U14: 0 | V14: 0 | W14: =SUM(V052_20[[#This Row],[MPAL2]:[GI]]) -> 0 | Y14: =(Y13-V052_20[[#This Row],[TOTAL]])+V052_20[[#This Row],[FAENA2]] -> 75.35 | AB14: =(AB13-V052_20[[#This Row],[CYLINDER MP]])+V052_20[[#This Row],[FAENA EN LTS]] -> 100 | AE14: =(AE13-V052_20[[#This Row],[CARTER MP.]])+V052_20[[#This Row],[FAENA EN LTS2]] -> 100 | AH14: =(AH13-V052_20[[#This Row],[MOT AUX]])+V052_20[[#This Row],[FAENA EN LTS]] -> 100 | AK14: =(AK13-V052_20[[#This Row],[HIDRAULICO]])+V052_20[[#This Row],[FAENA EN LTS3]] -> 100
A15: V052-20 | B15: 43843 | C15: 0.6375 | D15: =IF(V052_20[[#This Row],[FECHA]]-B14=1,((V052_20[[#This Row],[HORA]]-C14)*24)+24,(V052_20[[#This Row],[HORA]]-C14)*24) -> 7.3 | E15: CARGANDO | F15: TERMINO CARGA CALLAO | I15: =IF(ISERROR(V052_20[[#This Row],[DISTANCIA POR CARTA]]/V052_20[[#This Row],[TIEMPO DE NAVEGACION]]),0,V052_20[[#This Row],[DISTANCIA POR CARTA]]/V052_20[[#This Row],[TIEMPO DE NAVEGACION]]) -> 0 | L15: 0 | M15: 0.76041667 | N15: 0.60833333 | O15: =SUM(V052_20[[#This Row],[MPAL]:[CALDERA]]) -> 1.36875 | Q15: =(Q14-V052_20[[#This Row],[TOTAL ]])+V052_20[[#This Row],[FAENA]] -> 260.52708 | R15: 0 | S15: 0 | T15: 0 | U15: 0 | V15: 0 | W15: =SUM(V052_20[[#This Row],[MPAL2]:[GI]]) -> 0 | Y15: =(Y14-V052_20[[#This Row],[TOTAL]])+V052_20[[#This Row],[FAENA2]] -> 75.35 | AB15: =(AB14-V052_20[[#This Row],[CYLINDER MP]])+V052_20[[#This Row],[FAENA EN LTS]] -> 100 | AE15: =(AE14-V052_20[[#This Row],[CARTER MP.]])+V052_20[[#This Row],[FAENA EN LTS2]] -> 100 | AH15: =(AH14-V052_20[[#This Row],[MOT AUX]])+V052_20[[#This Row],[FAENA EN LTS]] -> 100 | AK15: =(AK14-V052_20[[#This Row],[HIDRAULICO]])+V052_20[[#This Row],[FAENA EN LTS3]] -> 100
A16: V052-20 | B16: 43843 | C16: 0.8125 | D16: =IF(V052_20[[#This Row],[FECHA]]-B15=1,((V052_20[[#This Row],[HORA]]-C15)*24)+24,(V052_20[[#This Row],[HORA]]-C15)*24) -> 4.2 | E16: OTRAS ACT. | F16: ANCLA ARRIBA CALLAO | I16: =IF(ISERROR(V052_20[[#This Row],[DISTANCIA POR CARTA]]/V052_20[[#This Row],[TIEMPO DE NAVEGACION]]),0,V052_20[[#This Row],[DISTANCIA POR CARTA]]/V052_20[[#This Row],[TIEMPO DE NAVEGACION]]) -> 0 | L16: 0 | M16: 0.4375 | N16: 0.35 | O16: =SUM(V052_20[[#This Row],[MPAL]:[CALDERA]]) -> 0.7875 | Q16: =(Q15-V052_20[[#This Row],[TOTAL ]])+V052_20[[#This Row],[FAENA]] -> 259.73958 | R16: 0 | S16: 0 | T16: 0 | U16: 0 | V16: 0 | W16: =SUM(V052_20[[#This Row],[MPAL2]:[GI]]) -> 0 | Y16: =(Y15-V052_20[[#This Row],[TOTAL]])+V052_20[[#This Row],[FAENA2]] -> 75.35 | AB16: =(AB15-V052_20[[#This Row],[CYLINDER MP]])+V052_20[[#This Row],[FAENA EN LTS]] -> 100 | AE16: =(AE15-V052_20[[#This Row],[CARTER MP.]])+V052_20[[#This Row],[FAENA EN LTS2]] -> 100 | AH16: =(AH15-V052_20[[#This Row],[MOT AUX]])+V052_20[[#This Row],[FAENA EN LTS]] -> 100 | AK16: =(AK15-V052_20[[#This Row],[HIDRAULICO]])+V052_20[[#This Row],[FAENA EN LTS3]] -> 100
A17: V052-20 | B17: 43843 | C17: 0.84166667 | D17: =IF(V052_20[[#This Row],[FECHA]]-B16=1,((V052_20[[#This Row],[HORA]]-C16)*24)+24,(V052_20[[#This Row],[HORA]]-C16)*24) -> 0.7 | E17: MANIOBRA | F17: TCM CALLAO | I17: =IF(ISERROR(V052_20[[#This Row],[DISTANCIA POR CARTA]]/V052_20[[#This Row],[TIEMPO DE NAVEGACION]]),0,V052_20[[#This Row],[DISTANCIA POR CARTA]]/V052_20[[#This Row],[TIEMPO DE NAVEGACION]]) -> 0 | L17: 0.058333333 | M17: 0.072916667 | N17: 0.058333333 | O17: =SUM(V052_20[[#This Row],[MPAL]:[CALDERA]]) -> 0.18958333 | Q17: =(Q16-V052_20[[#This Row],[TOTAL ]])+V052_20[[#This Row],[FAENA]] -> 259.55 | R17: 0 | S17: 0 | T17: 0 | U17: 0 | V17: 0 | W17: =SUM(V052_20[[#This Row],[MPAL2]:[GI]]) -> 0 | Y17: =(Y16-V052_20[[#This Row],[TOTAL]])+V052_20[[#This Row],[FAENA2]] -> 75.35 | AB17: =(AB16-V052_20[[#This Row],[CYLINDER MP]])+V052_20[[#This Row],[FAENA EN LTS]] -> 100 | AE17: =(AE16-V052_20[[#This Row],[CARTER MP.]])+V052_20[[#This Row],[FAENA EN LTS2]] -> 100 | AH17: =(AH16-V052_20[[#This Row],[MOT AUX]])+V052_20[[#This Row],[FAENA EN LTS]] -> 100 | AK17: =(AK16-V052_20[[#This Row],[HIDRAULICO]])+V052_20[[#This Row],[FAENA EN LTS3]] -> 100
A18: V052-20 | B18: 43844 | C18: 0.30416667 | D18: =IF(V052_20[[#This Row],[FECHA]]-B17=1,((V052_20[[#This Row],[HORA]]-C17)*24)+24,(V052_20[[#This Row],[HORA]]-C17)*24) -> 11.1 | E18: FONDEADO | F18: ANCLA ARRIBA CALLAO | I18: =IF(ISERROR(V052_20[[#This Row],[DISTANCIA POR CARTA]]/V052_20[[#This Row],[TIEMPO DE NAVEGACION]]),0,V052_20[[#This Row],[DISTANCIA POR CARTA]]/V052_20[[#This Row],[TIEMPO DE NAVEGACION]]) -> 0 | L18: 0 | M18: 1.15625 | N18: 0.925 | O18: =SUM(V052_20[[#This Row],[MPAL]:[CALDERA]]) -> 2.08125 | Q18: =(Q17-V052_20[[#This Row],[TOTAL ]])+V052_20[[#This Row],[FAENA]] -> 257.46875 | R18: 0 | S18: 0 | T18: 0 | U18: 0 | V18: 0 | W18: =SUM(V052_20[[#This Row],[MPAL2]:[GI]]) -> 0 | Y18: =(Y17-V052_20[[#This Row],[TOTAL]])+V052_20[[#This Row],[FAENA2]] -> 75.35 | AB18: =(AB17-V052_20[[#This Row],[CYLINDER MP]])+V052_20[[#This Row],[FAENA EN LTS]] -> 100 | AE18: =(AE17-V052_20[[#This Row],[CARTER MP.]])+V052_20[[#This Row],[FAENA EN LTS2]] -> 100 | AH18: =(AH17-V052_20[[#This Row],[MOT AUX]])+V052_20[[#This Row],[FAENA EN LTS]] -> 100 | AK18: =(AK17-V052_20[[#This Row],[HIDRAULICO]])+V052_20[[#This Row],[FAENA EN LTS3]] -> 100
A19: V052-20 | B19: 43844 | C19: 0.32083333 | D19: =IF(V052_20[[#This Row],[FECHA]]-B18=1,((V052_20[[#This Row],[HORA]]-C18)*24)+24,(V052_20[[#This Row],[HORA]]-C18)*24) -> 0.4 | E19: MANIOBRA | F19: INICIO VIAJE SUPE | I19: =IF(ISERROR(V052_20[[#This Row],[DISTANCIA POR CARTA]]/V052_20[[#This Row],[TIEMPO DE NAVEGACION]]),0,V052_20[[#This Row],[DISTANCIA POR CARTA]]/V052_20[[#This Row],[TIEMPO DE NAVEGACION]]) -> 0 | L19: 0.083333333 | M19: 0.041666667 | N19: 0.033333333 | O19: =SUM(V052_20[[#This Row],[MPAL]:[CALDERA]]) -> 0.15833333 | Q19: =(Q18-V052_20[[#This Row],[TOTAL ]])+V052_20[[#This Row],[FAENA]] -> 257.31042 | R19: 0 | S19: 0 | T19: 0 | U19: 0 | V19: 0 | W19: =SUM(V052_20[[#This Row],[MPAL2]:[GI]]) -> 0 | Y19: =(Y18-V052_20[[#This Row],[TOTAL]])+V052_20[[#This Row],[FAENA2]] -> 75.35 | AB19: =(AB18-V052_20[[#This Row],[CYLINDER MP]])+V052_20[[#This Row],[FAENA EN LTS]] -> 100 | AE19: =(AE18-V052_20[[#This Row],[CARTER MP.]])+V052_20[[#This Row],[FAENA EN LTS2]] -> 100 | AH19: =(AH18-V052_20[[#This Row],[MOT AUX]])+V052_20[[#This Row],[FAENA EN LTS]] -> 100 | AK19: =(AK18-V052_20[[#This Row],[HIDRAULICO]])+V052_20[[#This Row],[FAENA EN LTS3]] -> 100
A20: V052-20 | B20: 43844 | C20: 0.33333333 | D20: =IF(V052_20[[#This Row],[FECHA]]-B19=1,((V052_20[[#This Row],[HORA]]-C19)*24)+24,(V052_20[[#This Row],[HORA]]-C19)*24) -> 0.3 | E20: NAVEGANDO CON CARGA | F20: SUPE | I20: =IF(ISERROR(V052_20[[#This Row],[DISTANCIA POR CARTA]]/V052_20[[#This Row],[TIEMPO DE NAVEGACION]]),0,V052_20[[#This Row],[DISTANCIA POR CARTA]]/V052_20[[#This Row],[TIEMPO DE NAVEGACION]]) -> 0 | J20: S2 | K20: 95 | L20: 0.275 | M20: 0.03125 | N20: 0 | O20: =SUM(V052_20[[#This Row],[MPAL]:[CALDERA]]) -> 0.30625 | Q20: =(Q19-V052_20[[#This Row],[TOTAL ]])+V052_20[[#This Row],[FAENA]] -> 257.00417 | R20: 0 | S20: 0 | T20: 0 | U20: 0 | V20: 0 | W20: =SUM(V052_20[[#This Row],[MPAL2]:[GI]]) -> 0 | Y20: =(Y19-V052_20[[#This Row],[TOTAL]])+V052_20[[#This Row],[FAENA2]] -> 75.35 | AB20: =(AB19-V052_20[[#This Row],[CYLINDER MP]])+V052_20[[#This Row],[FAENA EN LTS]] -> 100 | AE20: =(AE19-V052_20[[#This Row],[CARTER MP.]])+V052_20[[#This Row],[FAENA EN LTS2]] -> 100 | AH20: =(AH19-V052_20[[#This Row],[MOT AUX]])+V052_20[[#This Row],[FAENA EN LTS]] -> 100 | AK20: =(AK19-V052_20[[#This Row],[HIDRAULICO]])+V052_20[[#This Row],[FAENA EN LTS3]] -> 100
A21: V052-20 | B21: 43844 | C21: 0.64583333 | D21: =IF(V052_20[[#This Row],[FECHA]]-B20=1,((V052_20[[#This Row],[HORA]]-C20)*24)+24,(V052_20[[#This Row],[HORA]]-C20)*24) -> 7.5 | E21: NAVEGANDO CON CARGA | F21: ARRIBO SUPE | G21: 91 | H21: 7.8 | I21: =IF(ISERROR(V052_20[[#This Row],[DISTANCIA POR CARTA]]/V052_20[[#This Row],[TIEMPO DE NAVEGACION]]),0,V052_20[[#This Row],[DISTANCIA POR CARTA]]/V052_20[[#This Row],[TIEMPO DE NAVEGACION]]) -> 11.666667 | J21: S 2 | K21: 95 | L21: 6.875 | M21: 0.78125 | N21: 0 | O21: =SUM(V052_20[[#This Row],[MPAL]:[CALDERA]]) -> 7.65625 | Q21: =(Q20-V052_20[[#This Row],[TOTAL ]])+V052_20[[#This Row],[FAENA]] -> 249.34792 | R21: 0 | S21: 0 | T21: 0 | U21: 0 | V21: 0 | W21: =SUM(V052_20[[#This Row],[MPAL2]:[GI]]) -> 0 | Y21: =(Y20-V052_20[[#This Row],[TOTAL]])+V052_20[[#This Row],[FAENA2]] -> 75.35 | AB21: =(AB20-V052_20[[#This Row],[CYLINDER MP]])+V052_20[[#This Row],[FAENA EN LTS]] -> 100 | AE21: =(AE20-V052_20[[#This Row],[CARTER MP.]])+V052_20[[#This Row],[FAENA EN LTS2]] -> 100 | AH21: =(AH20-V052_20[[#This Row],[MOT AUX]])+V052_20[[#This Row],[FAENA EN LTS]] -> 100 | AK21: =(AK20-V052_20[[#This Row],[HIDRAULICO]])+V052_20[[#This Row],[FAENA EN LTS3]] -> 100
A22: V052-20 | B22: 43844 | C22: 0.65416667 | D22: =IF(V052_20[[#This Row],[FECHA]]-B21=1,((V052_20[[#This Row],[HORA]]-C21)*24)+24,(V052_20[[#This Row],[HORA]]-C21)*24) -> 0.2 | E22: MANIOBRA | F22: TCM SUPE | I22: =IF(ISERROR(V052_20[[#This Row],[DISTANCIA POR CARTA]]/V052_20[[#This Row],[TIEMPO DE NAVEGACION]]),0,V052_20[[#This Row],[DISTANCIA POR CARTA]]/V052_20[[#This Row],[TIEMPO DE NAVEGACION]]) -> 0 | L22: 0.041666667 | M22: 0.020833333 | N22: 0.016666667 | O22: =SUM(V052_20[[#This Row],[MPAL]:[CALDERA]]) -> 0.079166667 | Q22: =(Q21-V052_20[[#This Row],[TOTAL ]])+V052_20[[#This Row],[FAENA]] -> 249.26875 | R22: 0 | S22: 0 | T22: 0 | U22: 0 | V22: 0 | W22: =SUM(V052_20[[#This Row],[MPAL2]:[GI]]) -> 0 | Y22: =(Y21-V052_20[[#This Row],[TOTAL]])+V052_20[[#This Row],[FAENA2]] -> 75.35 | AB22: =(AB21-V052_20[[#This Row],[CYLINDER MP]])+V052_20[[#This Row],[FAENA EN LTS]] -> 100 | AE22: =(AE21-V052_20[[#This Row],[CARTER MP.]])+V052_20[[#This Row],[FAENA EN LTS2]] -> 100 | AH22: =(AH21-V052_20[[#This Row],[MOT AUX]])+V052_20[[#This Row],[FAENA EN LTS]] -> 100 | AK22: =(AK21-V052_20[[#This Row],[HIDRAULICO]])+V052_20[[#This Row],[FAENA EN LTS3]] -> 100
A23: V052-20 | B23: 43844 | C23: 0.86666667 | D23: =IF(V052_20[[#This Row],[FECHA]]-B22=1,((V052_20[[#This Row],[HORA]]-C22)*24)+24,(V052_20[[#This Row],[HORA]]-C22)*24) -> 5.1 | E23: FONDEADO | F23: ANCLA ARRIBA SUPE | I23: =IF(ISERROR(V052_20[[#This Row],[DISTANCIA POR CARTA]]/V052_20[[#This Row],[TIEMPO DE NAVEGACION]]),0,V052_20[[#This Row],[DISTANCIA POR CARTA]]/V052_20[[#This Row],[TIEMPO DE NAVEGACION]]) -> 0 | L23: 0 | M23: 0.53125 | N23: 0.425 | O23: =SUM(V052_20[[#This Row],[MPAL]:[CALDERA]]) -> 0.95625 | Q23: =(Q22-V052_20[[#This Row],[TOTAL ]])+V052_20[[#This Row],[FAENA]] -> 248.3125 | R23: 0 | S23: 0 | T23: 0 | U23: 0 | V23: 0 | W23: =SUM(V052_20[[#This Row],[MPAL2]:[GI]]) -> 0 | Y23: =(Y22-V052_20[[#This Row],[TOTAL]])+V052_20[[#This Row],[FAENA2]] -> 75.35 | AB23: =(AB22-V052_20[[#This Row],[CYLINDER MP]])+V052_20[[#This Row],[FAENA EN LTS]] -> 100 | AE23: =(AE22-V052_20[[#This Row],[CARTER MP.]])+V052_20[[#This Row],[FAENA EN LTS2]] -> 100 | AH23: =(AH22-V052_20[[#This Row],[MOT AUX]])+V052_20[[#This Row],[FAENA EN LTS]] -> 100 | AK23: =(AK22-V052_20[[#This Row],[HIDRAULICO]])+V052_20[[#This Row],[FAENA EN LTS3]] -> 100
A24: V052-20 | B24: 43844 | C24: 0.94166667 | D24: =IF(V052_20[[#This Row],[FECHA]]-B23=1,((V052_20[[#This Row],[HORA]]-C23)*24)+24,(V052_20[[#This Row],[HORA]]-C23)*24) -> 1.8 | E24: MANIOBRA | F24: TCM SUPE | I24: =IF(ISERROR(V052_20[[#This Row],[DISTANCIA POR CARTA]]/V052_20[[#This Row],[TIEMPO DE NAVEGACION]]),0,V052_20[[#This Row],[DISTANCIA POR CARTA]]/V052_20[[#This Row],[TIEMPO DE NAVEGACION]]) -> 0 | L24: 0.15 | M24: 0.1875 | N24: 0.15 | O24: =SUM(V052_20[[#This Row],[MPAL]:[CALDERA]]) -> 0.4875 | Q24: =(Q23-V052_20[[#This Row],[TOTAL ]])+V052_20[[#This Row],[FAENA]] -> 247.825 | R24: 0 | S24: 0 | T24: 0 | U24: 0 | V24: 0 | W24: =SUM(V052_20[[#This Row],[MPAL2]:[GI]]) -> 0 | Y24: =(Y23-V052_20[[#This Row],[TOTAL]])+V052_20[[#This Row],[FAENA2]] -> 75.35 | AB24: =(AB23-V052_20[[#This Row],[CYLINDER MP]])+V052_20[[#This Row],[FAENA EN LTS]] -> 100 | AE24: =(AE23-V052_20[[#This Row],[CARTER MP.]])+V052_20[[#This Row],[FAENA EN LTS2]] -> 100 | AH24: =(AH23-V052_20[[#This Row],[MOT AUX]])+V052_20[[#This Row],[FAENA EN LTS]] -> 100 | AK24: =(AK23-V052_20[[#This Row],[HIDRAULICO]])+V052_20[[#This Row],[FAENA EN LTS3]] -> 100
A25: V052-20 | B25: 43844 | C25: 0.99583333 | D25: =IF(V052_20[[#This Row],[FECHA]]-B24=1,((V052_20[[#This Row],[HORA]]-C24)*24)+24,(V052_20[[#This Row],[HORA]]-C24)*24) -> 1.3 | E25: OTRAS ACT. | F25: INICIO DESCARGA SUPE | I25: =IF(ISERROR(V052_20[[#This Row],[DISTANCIA POR CARTA]]/V052_20[[#This Row],[TIEMPO DE NAVEGACION]]),0,V052_20[[#This Row],[DISTANCIA POR CARTA]]/V052_20[[#This Row],[TIEMPO DE NAVEGACION]]) -> 0 | L25: 0 | M25: 0.14583333 | N25: 0.11666667 | O25: =SUM(V052_20[[#This Row],[MPAL]:[CALDERA]]) -> 0.2625 | Q25: =(Q24-V052_20[[#This Row],[TOTAL ]])+V052_20[[#This Row],[FAENA]] -> 247.5625 | R25: 0 | S25: 0 | T25: 0 | U25: 0 | V25: 0 | W25: =SUM(V052_20[[#This Row],[MPAL2]:[GI]]) -> 0 | Y25: =(Y24-V052_20[[#This Row],[TOTAL]])+V052_20[[#This Row],[FAENA2]] -> 75.35 | AB25: =(AB24-V052_20[[#This Row],[CYLINDER MP]])+V052_20[[#This Row],[FAENA EN LTS]] -> 100 | AE25: =(AE24-V052_20[[#This Row],[CARTER MP.]])+V052_20[[#This Row],[FAENA EN LTS2]] -> 100 | AH25: =(AH24-V052_20[[#This Row],[MOT AUX]])+V052_20[[#This Row],[FAENA EN LTS]] -> 100 | AK25: =(AK24-V052_20[[#This Row],[HIDRAULICO]])+V052_20[[#This Row],[FAENA EN LTS3]] -> 100
A26: V052-20 | B26: 43845 | C26: 0.33333333 | D26: =IF(V052_20[[#This Row],[FECHA]]-B25=1,((V052_20[[#This Row],[HORA]]-C25)*24)+24,(V052_20[[#This Row],[HORA]]-C25)*24) -> 8.1 | E26: DESCARGANDO | F26: SUPE | I26: =IF(ISERROR(V052_20[[#This Row],[DISTANCIA POR CARTA]]/V052_20[[#This Row],[TIEMPO DE NAVEGACION]]),0,V052_20[[#This Row],[DISTANCIA POR CARTA]]/V052_20[[#This Row],[TIEMPO DE NAVEGACION]]) -> 0 | L26: 0 | M26: 0.83333333 | N26: 0.66666667 | O26: =SUM(V052_20[[#This Row],[MPAL]:[CALDERA]]) -> 1.5 | Q26: =(Q25-V052_20[[#This Row],[TOTAL ]])+V052_20[[#This Row],[FAENA]] -> 246.0625 | R26: 0 | S26: 0 | T26: 0 | U26: 0 | V26: 1.3 | W26: =SUM(V052_20[[#This Row],[MPAL2]:[GI]]) -> 1.3 | Y26: =(Y25-V052_20[[#This Row],[TOTAL]])+V052_20[[#This Row],[FAENA2]] -> 74.05 | AB26: =(AB25-V052_20[[#This Row],[CYLINDER MP]])+V052_20[[#This Row],[FAENA EN LTS]] -> 100 | AE26: =(AE25-V052_20[[#This Row],[CARTER MP.]])+V052_20[[#This Row],[FAENA EN LTS2]] -> 100 | AH26: =(AH25-V052_20[[#This Row],[MOT AUX]])+V052_20[[#This Row],[FAENA EN LTS]] -> 100 | AK26: =(AK25-V052_20[[#This Row],[HIDRAULICO]])+V052_20[[#This Row],[FAENA EN LTS3]] -> 100
A27: V052-20 | B27: 43845 | C27: 0.42083333 | D27: =IF(V052_20[[#This Row],[FECHA]]-B26=1,((V052_20[[#This Row],[HORA]]-C26)*24)+24,(V052_20[[#This Row],[HORA]]-C26)*24) -> 2.1 | E27: DESCARGANDO | F27: TERMINO DESCARGA SUPE | I27: =IF(ISERROR(V052_20[[#This Row],[DISTANCIA POR CARTA]]/V052_20[[#This Row],[TIEMPO DE NAVEGACION]]),0,V052_20[[#This Row],[DISTANCIA POR CARTA]]/V052_20[[#This Row],[TIEMPO DE NAVEGACION]]) -> 0 | L27: 0 | M27: 0.21875 | N27: 0.175 | O27: =SUM(V052_20[[#This Row],[MPAL]:[CALDERA]]) -> 0.39375 | Q27: =(Q26-V052_20[[#This Row],[TOTAL ]])+V052_20[[#This Row],[FAENA]] -> 245.66875 | R27: 0 | S27: 0 | T27: 0 | U27: 0 | V27: 0.3 | W27: =SUM(V052_20[[#This Row],[MPAL2]:[GI]]) -> 0.3 | Y27: =(Y26-V052_20[[#This Row],[TOTAL]])+V052_20[[#This Row],[FAENA2]] -> 73.75 | AB27: =(AB26-V052_20[[#This Row],[CYLINDER MP]])+V052_20[[#This Row],[FAENA EN LTS]] -> 100 | AE27: =(AE26-V052_20[[#This Row],[CARTER MP.]])+V052_20[[#This Row],[FAENA EN LTS2]] -> 100 | AH27: =(AH26-V052_20[[#This Row],[MOT AUX]])+V052_20[[#This Row],[FAENA EN LTS]] -> 100 | AK27: =(AK26-V052_20[[#This Row],[HIDRAULICO]])+V052_20[[#This Row],[FAENA EN LTS3]] -> 100
A28: V052-20 | B28: 43845 | C28: 0.575 | D28: =IF(V052_20[[#This Row],[FECHA]]-B27=1,((V052_20[[#This Row],[HORA]]-C27)*24)+24,(V052_20[[#This Row],[HORA]]-C27)*24) -> 3.7 | E28: OTRAS ACT. | F28: ANCLA ARRIBA SUPE | I28: =IF(ISERROR(V052_20[[#This Row],[DISTANCIA POR CARTA]]/V052_20[[#This Row],[TIEMPO DE NAVEGACION]]),0,V052_20[[#This Row],[DISTANCIA POR CARTA]]/V052_20[[#This Row],[TIEMPO DE NAVEGACION]]) -> 0 | L28: 0 | M28: 0.38541667 | N28: 0.30833333 | O28: =SUM(V052_20[[#This Row],[MPAL]:[CALDERA]]) -> 0.69375 | Q28: =(Q27-V052_20[[#This Row],[TOTAL ]])+V052_20[[#This Row],[FAENA]] -> 244.975 | R28: 0 | S28: 0 | T28: 0 | U28: 0 | V28: 0 | W28: =SUM(V052_20[[#This Row],[MPAL2]:[GI]]) -> 0 | Y28: =(Y27-V052_20[[#This Row],[TOTAL]])+V052_20[[#This Row],[FAENA2]] -> 73.75 | AB28: =(AB27-V052_20[[#This Row],[CYLINDER MP]])+V052_20[[#This Row],[FAENA EN LTS]] -> 100 | AE28: =(AE27-V052_20[[#This Row],[CARTER MP.]])+V052_20[[#This Row],[FAENA EN LTS2]] -> 100 | AH28: =(AH27-V052_20[[#This Row],[MOT AUX]])+V052_20[[#This Row],[FAENA EN LTS]] -> 100 | AK28: =(AK27-V052_20[[#This Row],[HIDRAULICO]])+V052_20[[#This Row],[FAENA EN LTS3]] -> 100
A29: V052-20 | B29: 43845 | C29: 0.60416667 | D29: =IF(V052_20[[#This Row],[FECHA]]-B28=1,((V052_20[[#This Row],[HORA]]-C28)*24)+24,(V052_20[[#This Row],[HORA]]-C28)*24) -> 0.7 | E29: MANIOBRA | F29: INICIO VIAJE ETEN | I29: =IF(ISERROR(V052_20[[#This Row],[DISTANCIA POR CARTA]]/V052_20[[#This Row],[TIEMPO DE NAVEGACION]]),0,V052_20[[#This Row],[DISTANCIA POR CARTA]]/V052_20[[#This Row],[TIEMPO DE NAVEGACION]]) -> 0 | L29: 0.058333333 | M29: 0.072916667 | N29: 0.058333333 | O29: =SUM(V052_20[[#This Row],[MPAL]:[CALDERA]]) -> 0.18958333 | Q29: =(Q28-V052_20[[#This Row],[TOTAL ]])+V052_20[[#This Row],[FAENA]] -> 244.78542 | R29: 0 | S29: 0 | T29: 0 | U29: 0 | V29: 0 | W29: =SUM(V052_20[[#This Row],[MPAL2]:[GI]]) -> 0 | Y29: =(Y28-V052_20[[#This Row],[TOTAL]])+V052_20[[#This Row],[FAENA2]] -> 73.75 | AB29: =(AB28-V052_20[[#This Row],[CYLINDER MP]])+V052_20[[#This Row],[FAENA EN LTS]] -> 100 | AE29: =(AE28-V052_20[[#This Row],[CARTER MP.]])+V052_20[[#This Row],[FAENA EN LTS2]] -> 100 | AH29: =(AH28-V052_20[[#This Row],[MOT AUX]])+V052_20[[#This Row],[FAENA EN LTS]] -> 100 | AK29: =(AK28-V052_20[[#This Row],[HIDRAULICO]])+V052_20[[#This Row],[FAENA EN LTS3]] -> 100
A30: V052-20 | B30: 43846 | C30: 0.33333333 | D30: =IF(V052_20[[#This Row],[FECHA]]-B29=1,((V052_20[[#This Row],[HORA]]-C29)*24)+24,(V052_20[[#This Row],[HORA]]-C29)*24) -> 17.5 | E30: NAVEGANDO CON CARGA | F30: ETEN | I30: =IF(ISERROR(V052_20[[#This Row],[DISTANCIA POR CARTA]]/V052_20[[#This Row],[TIEMPO DE NAVEGACION]]),0,V052_20[[#This Row],[DISTANCIA POR CARTA]]/V052_20[[#This Row],[TIEMPO DE NAVEGACION]]) -> 0 | J30: S2 | K30: 95 | L30: 16.041667 | M30: 1.8229167 | N30: 0 | O30: =SUM(V052_20[[#This Row],[MPAL]:[CALDERA]]) -> 17.864583 | Q30: =(Q29-V052_20[[#This Row],[TOTAL ]])+V052_20[[#This Row],[FAENA]] -> 226.92083 | R30: 0 | S30: 0 | T30: 0 | U30: 0 | V30: 0 | W30: =SUM(V052_20[[#This Row],[MPAL2]:[GI]]) -> 0 | Y30: =(Y29-V052_20[[#This Row],[TOTAL]])+V052_20[[#This Row],[FAENA2]] -> 73.75 | AB30: =(AB29-V052_20[[#This Row],[CYLINDER MP]])+V052_20[[#This Row],[FAENA EN LTS]] -> 100 | AE30: =(AE29-V052_20[[#This Row],[CARTER MP.]])+V052_20[[#This Row],[FAENA EN LTS2]] -> 100 | AH30: =(AH29-V052_20[[#This Row],[MOT AUX]])+V052_20[[#This Row],[FAENA EN LTS]] -> 100 | AK30: =(AK29-V052_20[[#This Row],[HIDRAULICO]])+V052_20[[#This Row],[FAENA EN LTS3]] -> 100
A31: V052-20 | B31: 43846 | C31: 0.54166667 | D31: =IF(V052_20[[#This Row],[FECHA]]-B30=1,((V052_20[[#This Row],[HORA]]-C30)*24)+24,(V052_20[[#This Row],[HORA]]-C30)*24) -> 5 | E31: NAVEGANDO CON CARGA | F31: ARRIBO A ETEN | G31: 266 | H31: 22.5 | I31: =IF(ISERROR(V052_20[[#This Row],[DISTANCIA POR CARTA]]/V052_20[[#This Row],[TIEMPO DE NAVEGACION]]),0,V052_20[[#This Row],[DISTANCIA POR CARTA]]/V052_20[[#This Row],[TIEMPO DE NAVEGACION]]) -> 11.822222 | J31: S 2 | K31: 95 | L31: 4.5833333 | M31: 0.52083333 | N31: 0 | O31: =SUM(V052_20[[#This Row],[MPAL]:[CALDERA]]) -> 5.1041667 | Q31: =(Q30-V052_20[[#This Row],[TOTAL ]])+V052_20[[#This Row],[FAENA]] -> 221.81667 | R31: 0 | S31: 0 | T31: 0 | U31: 0 | V31: 0 | W31: =SUM(V052_20[[#This Row],[MPAL2]:[GI]]) -> 0 | Y31: =(Y30-V052_20[[#This Row],[TOTAL]])+V052_20[[#This Row],[FAENA2]] -> 73.75 | AB31: =(AB30-V052_20[[#This Row],[CYLINDER MP]])+V052_20[[#This Row],[FAENA EN LTS]] -> 100 | AE31: =(AE30-V052_20[[#This Row],[CARTER MP.]])+V052_20[[#This Row],[FAENA EN LTS2]] -> 100 | AH31: =(AH30-V052_20[[#This Row],[MOT AUX]])+V052_20[[#This Row],[FAENA EN LTS]] -> 100 | AK31: =(AK30-V052_20[[#This Row],[HIDRAULICO]])+V052_20[[#This Row],[FAENA EN LTS3]] -> 100
A32: V052-20 | B32: 43846 | C32: 0.5625 | D32: =IF(V052_20[[#This Row],[FECHA]]-B31=1,((V052_20[[#This Row],[HORA]]-C31)*24)+24,(V052_20[[#This Row],[HORA]]-C31)*24) -> 0.5 | E32: MANIOBRA | F32: TCM ETEN | I32: =IF(ISERROR(V052_20[[#This Row],[DISTANCIA POR CARTA]]/V052_20[[#This Row],[TIEMPO DE NAVEGACION]]),0,V052_20[[#This Row],[DISTANCIA POR CARTA]]/V052_20[[#This Row],[TIEMPO DE NAVEGACION]]) -> 0 | L32: 0.041666667 | M32: 0.052083333 | N32: 0.041666667 | O32: =SUM(V052_20[[#This Row],[MPAL]:[CALDERA]]) -> 0.13541667 | Q32: =(Q31-V052_20[[#This Row],[TOTAL ]])+V052_20[[#This Row],[FAENA]] -> 221.68125 | R32: 0 | S32: 0 | T32: 0 | U32: 0 | V32: 0 | W32: =SUM(V052_20[[#This Row],[MPAL2]:[GI]]) -> 0 | Y32: =(Y31-V052_20[[#This Row],[TOTAL]])+V052_20[[#This Row],[FAENA2]] -> 73.75 | AB32: =(AB31-V052_20[[#This Row],[CYLINDER MP]])+V052_20[[#This Row],[FAENA EN LTS]] -> 100 | AE32: =(AE31-V052_20[[#This Row],[CARTER MP.]])+V052_20[[#This Row],[FAENA EN LTS2]] -> 100 | AH32: =(AH31-V052_20[[#This Row],[MOT AUX]])+V052_20[[#This Row],[FAENA EN LTS]] -> 100 | AK32: =(AK31-V052_20[[#This Row],[HIDRAULICO]])+V052_20[[#This Row],[FAENA EN LTS3]] -> 100
A33: V052-20 | B33: 43847 | C33: 0.33333333 | D33: =IF(V052_20[[#This Row],[FECHA]]-B32=1,((V052_20[[#This Row],[HORA]]-C32)*24)+24,(V052_20[[#This Row],[HORA]]-C32)*24) -> 18.5 | E33: FONDEADO | F33: ETEN | I33: =IF(ISERROR(V052_20[[#This Row],[DISTANCIA POR CARTA]]/V052_20[[#This Row],[TIEMPO DE NAVEGACION]]),0,V052_20[[#This Row],[DISTANCIA POR CARTA]]/V052_20[[#This Row],[TIEMPO DE NAVEGACION]]) -> 0 | L33: 0 | M33: 1.9270833 | N33: 1.5416667 | O33: =SUM(V052_20[[#This Row],[MPAL]:[CALDERA]]) -> 3.46875 | Q33: =(Q32-V052_20[[#This Row],[TOTAL ]])+V052_20[[#This Row],[FAENA]] -> 218.2125 | R33: 0 | S33: 0 | T33: 0 | U33: 0 | V33: 0 | W33: =SUM(V052_20[[#This Row],[MPAL2]:[GI]]) -> 0 | Y33: =(Y32-V052_20[[#This Row],[TOTAL]])+V052_20[[#This Row],[FAENA2]] -> 73.75 | AB33: =(AB32-V052_20[[#This Row],[CYLINDER MP]])+V052_20[[#This Row],[FAENA EN LTS]] -> 100 | AE33: =(AE32-V052_20[[#This Row],[CARTER MP.]])+V052_20[[#This Row],[FAENA EN LTS2]] -> 100 | AH33: =(AH32-V052_20[[#This Row],[MOT AUX]])+V052_20[[#This Row],[FAENA EN LTS]] -> 100 | AK33: =(AK32-V052_20[[#This Row],[HIDRAULICO]])+V052_20[[#This Row],[FAENA EN LTS3]] -> 100
A34: V052-20 | B34: 43848 | C34: 0.28333333 | D34: =IF(V052_20[[#This Row],[FECHA]]-B33=1,((V052_20[[#This Row],[HORA]]-C33)*24)+24,(V052_20[[#This Row],[HORA]]-C33)*24) -> 22.8 | E34: FONDEADO | F34: ANCLA ARRIBA ETEN | I34: =IF(ISERROR(V052_20[[#This Row],[DISTANCIA POR CARTA]]/V052_20[[#This Row],[TIEMPO DE NAVEGACION]]),0,V052_20[[#This Row],[DISTANCIA POR CARTA]]/V052_20[[#This Row],[TIEMPO DE NAVEGACION]]) -> 0 | L34: 0 | M34: 2.375 | N34: 1.9 | O34: =SUM(V052_20[[#This Row],[MPAL]:[CALDERA]]) -> 4.275 | Q34: =(Q33-V052_20[[#This Row],[TOTAL ]])+V052_20[[#This Row],[FAENA]] -> 213.9375 | R34: 0 | S34: 0 | T34: 0 | U34: 0 | V34: 0 | W34: =SUM(V052_20[[#This Row],[MPAL2]:[GI]]) -> 0 | Y34: =(Y33-V052_20[[#This Row],[TOTAL]])+V052_20[[#This Row],[FAENA2]] -> 73.75 | AB34: =(AB33-V052_20[[#This Row],[CYLINDER MP]])+V052_20[[#This Row],[FAENA EN LTS]] -> 100 | AE34: =(AE33-V052_20[[#This Row],[CARTER MP.]])+V052_20[[#This Row],[FAENA EN LTS2]] -> 100 | AH34: =(AH33-V052_20[[#This Row],[MOT AUX]])+V052_20[[#This Row],[FAENA EN LTS]] -> 100 | AK34: =(AK33-V052_20[[#This Row],[HIDRAULICO]])+V052_20[[#This Row],[FAENA EN LTS3]] -> 100
A35: V052-20 | B35: 43848 | C35: 0.33333333 | D35: =IF(V052_20[[#This Row],[FECHA]]-B34=1,((V052_20[[#This Row],[HORA]]-C34)*24)+24,(V052_20[[#This Row],[HORA]]-C34)*24) -> 1.2 | E35: MANIOBRA | F35: ETEN | I35: =IF(ISERROR(V052_20[[#This Row],[DISTANCIA POR CARTA]]/V052_20[[#This Row],[TIEMPO DE NAVEGACION]]),0,V052_20[[#This Row],[DISTANCIA POR CARTA]]/V052_20[[#This Row],[TIEMPO DE NAVEGACION]]) -> 0 | L35: 0.1 | M35: 0.125 | N35: 0.1 | O35: =SUM(V052_20[[#This Row],[MPAL]:[CALDERA]]) -> 0.325 | Q35: =(Q34-V052_20[[#This Row],[TOTAL ]])+V052_20[[#This Row],[FAENA]] -> 213.6125 | R35: 0 | S35: 0 | T35: 0 | U35: 0 | V35: 0 | W35: =SUM(V052_20[[#This Row],[MPAL2]:[GI]]) -> 0 | Y35: =(Y34-V052_20[[#This Row],[TOTAL]])+V052_20[[#This Row],[FAENA2]] -> 73.75 | AB35: =(AB34-V052_20[[#This Row],[CYLINDER MP]])+V052_20[[#This Row],[FAENA EN LTS]] -> 100 | AE35: =(AE34-V052_20[[#This Row],[CARTER MP.]])+V052_20[[#This Row],[FAENA EN LTS2]] -> 100 | AH35: =(AH34-V052_20[[#This Row],[MOT AUX]])+V052_20[[#This Row],[FAENA EN LTS]] -> 100 | AK35: =(AK34-V052_20[[#This Row],[HIDRAULICO]])+V052_20[[#This Row],[FAENA EN LTS3]] -> 100
A36: V052-20 | B36: 43848 | C36: 0.35416667 | D36: =IF(V052_20[[#This Row],[FECHA]]-B35=1,((V052_20[[#This Row],[HORA]]-C35)*24)+24,(V052_20[[#This Row],[HORA]]-C35)*24) -> 0.5 | E36: MANIOBRA | F36: TCM ETEN | I36: =IF(ISERROR(V052_20[[#This Row],[DISTANCIA POR CARTA]]/V052_20[[#This Row],[TIEMPO DE NAVEGACION]]),0,V052_20[[#This Row],[DISTANCIA POR CARTA]]/V052_20[[#This Row],[TIEMPO DE NAVEGACION]]) -> 0 | L36: 0.041666667 | M36: 0.052083333 | N36: 0.041666667 | O36: =SUM(V052_20[[#This Row],[MPAL]:[CALDERA]]) -> 0.13541667 | Q36: =(Q35-V052_20[[#This Row],[TOTAL ]])+V052_20[[#This Row],[FAENA]] -> 213.47708 | R36: 0 | S36: 0 | T36: 0 | U36: 0 | V36: 0 | W36: =SUM(V052_20[[#This Row],[MPAL2]:[GI]]) -> 0 | Y36: =(Y35-V052_20[[#This Row],[TOTAL]])+V052_20[[#This Row],[FAENA2]] -> 73.75 | AB36: =(AB35-V052_20[[#This Row],[CYLINDER MP]])+V052_20[[#This Row],[FAENA EN LTS]] -> 100 | AE36: =(AE35-V052_20[[#This Row],[CARTER MP.]])+V052_20[[#This Row],[FAENA EN LTS2]] -> 100 | AH36: =(AH35-V052_20[[#This Row],[MOT AUX]])+V052_20[[#This Row],[FAENA EN LTS]] -> 100 | AK36: =(AK35-V052_20[[#This Row],[HIDRAULICO]])+V052_20[[#This Row],[FAENA EN LTS3]] -> 100
A37: V052-20 | B37: 43848 | C37: 0.47916667 | D37: =IF(V052_20[[#This Row],[FECHA]]-B36=1,((V052_20[[#This Row],[HORA]]-C36)*24)+24,(V052_20[[#This Row],[HORA]]-C36)*24) -> 3 | E37: OTRAS ACT. | F37: INICiA DESCARGA ETEN | I37: =IF(ISERROR(V052_20[[#This Row],[DISTANCIA POR CARTA]]/V052_20[[#This Row],[TIEMPO DE NAVEGACION]]),0,V052_20[[#This Row],[DISTANCIA POR CARTA]]/V052_20[[#This Row],[TIEMPO DE NAVEGACION]]) -> 0 | L37: 0 | M37: 0.3125 | N37: 0.25 | O37: =SUM(V052_20[[#This Row],[MPAL]:[CALDERA]]) -> 0.5625 | Q37: =(Q36-V052_20[[#This Row],[TOTAL ]])+V052_20[[#This Row],[FAENA]] -> 212.91458 | R37: 0 | S37: 0 | T37: 0 | U37: 0 | V37: 0 | W37: =SUM(V052_20[[#This Row],[MPAL2]:[GI]]) -> 0 | Y37: =(Y36-V052_20[[#This Row],[TOTAL]])+V052_20[[#This Row],[FAENA2]] -> 73.75 | AB37: =(AB36-V052_20[[#This Row],[CYLINDER MP]])+V052_20[[#This Row],[FAENA EN LTS]] -> 100 | AE37: =(AE36-V052_20[[#This Row],[CARTER MP.]])+V052_20[[#This Row],[FAENA EN LTS2]] -> 100 | AH37: =(AH36-V052_20[[#This Row],[MOT AUX]])+V052_20[[#This Row],[FAENA EN LTS]] -> 100 | AK37: =(AK36-V052_20[[#This Row],[HIDRAULICO]])+V052_20[[#This Row],[FAENA EN LTS3]] -> 100
A38: V052-20 | B38: 43849 | C38: 0.33333333 | D38: =IF(V052_20[[#This Row],[FECHA]]-B37=1,((V052_20[[#This Row],[HORA]]-C37)*24)+24,(V052_20[[#This Row],[HORA]]-C37)*24) -> 20.5 | E38: DESCARGANDO | F38: ETEN | I38: =IF(ISERROR(V052_20[[#This Row],[DISTANCIA POR CARTA]]/V052_20[[#This Row],[TIEMPO DE NAVEGACION]]),0,V052_20[[#This Row],[DISTANCIA POR CARTA]]/V052_20[[#This Row],[TIEMPO DE NAVEGACION]]) -> 0 | L38: 0 | M38: 2.1354167 | N38: 1.7083333 | O38: =SUM(V052_20[[#This Row],[MPAL]:[CALDERA]]) -> 3.84375 | Q38: =(Q37-V052_20[[#This Row],[TOTAL ]])+V052_20[[#This Row],[FAENA]] -> 209.07083 | R38: 0 | S38: 0 | T38: 0 | U38: 0 | V38: 3.35 | W38: =SUM(V052_20[[#This Row],[MPAL2]:[GI]]) -> 3.35 | Y38: =(Y37-V052_20[[#This Row],[TOTAL]])+V052_20[[#This Row],[FAENA2]] -> 70.4 | AB38: =(AB37-V052_20[[#This Row],[CYLINDER MP]])+V052_20[[#This Row],[FAENA EN LTS]] -> 100 | AE38: =(AE37-V052_20[[#This Row],[CARTER MP.]])+V052_20[[#This Row],[FAENA EN LTS2]] -> 100 | AH38: =(AH37-V052_20[[#This Row],[MOT AUX]])+V052_20[[#This Row],[FAENA EN LTS]] -> 100 | AK38: =(AK37-V052_20[[#This Row],[HIDRAULICO]])+V052_20[[#This Row],[FAENA EN LTS3]] -> 100
A39: V052-20 | B39: 43849 | C39: 0.4875 | D39: =IF(V052_20[[#This Row],[FECHA]]-B38=1,((V052_20[[#This Row],[HORA]]-C38)*24)+24,(V052_20[[#This Row],[HORA]]-C38)*24) -> 3.7 | E39: DESCARGANDO | F39: TERMINO DESCARGA ETEN | I39: =IF(ISERROR(V052_20[[#This Row],[DISTANCIA POR CARTA]]/V052_20[[#This Row],[TIEMPO DE NAVEGACION]]),0,V052_20[[#This Row],[DISTANCIA POR CARTA]]/V052_20[[#This Row],[TIEMPO DE NAVEGACION]]) -> 0 | L39: 0 | M39: 0.38541667 | N39: 0.30833333 | O39: =SUM(V052_20[[#This Row],[MPAL]:[CALDERA]]) -> 0.69375 | Q39: =(Q38-V052_20[[#This Row],[TOTAL ]])+V052_20[[#This Row],[FAENA]] -> 208.37708 | R39: 0 | S39: 0 | T39: 0 | U39: 0 | V39: 0.6 | W39: =SUM(V052_20[[#This Row],[MPAL2]:[GI]]) -> 0.6 | Y39: =(Y38-V052_20[[#This Row],[TOTAL]])+V052_20[[#This Row],[FAENA2]] -> 69.8 | AB39: =(AB38-V052_20[[#This Row],[CYLINDER MP]])+V052_20[[#This Row],[FAENA EN LTS]] -> 100 | AE39: =(AE38-V052_20[[#This Row],[CARTER MP.]])+V052_20[[#This Row],[FAENA EN LTS2]] -> 100 | AH39: =(AH38-V052_20[[#This Row],[MOT AUX]])+V052_20[[#This Row],[FAENA EN LTS]] -> 100 | AK39: =(AK38-V052_20[[#This Row],[HIDRAULICO]])+V052_20[[#This Row],[FAENA EN LTS3]] -> 100
A40: V052-20 | B40: 43849 | C40: 0.625 | D40: =IF(V052_20[[#This Row],[FECHA]]-B39=1,((V052_20[[#This Row],[HORA]]-C39)*24)+24,(V052_20[[#This Row],[HORA]]-C39)*24) -> 3.3 | E40: OTRAS ACT. | F40: ANCLA ARRIBA ETEN | I40: =IF(ISERROR(V052_20[[#This Row],[DISTANCIA POR CARTA]]/V052_20[[#This Row],[TIEMPO DE NAVEGACION]]),0,V052_20[[#This Row],[DISTANCIA POR CARTA]]/V052_20[[#This Row],[TIEMPO DE NAVEGACION]]) -> 0 | L40: 0 | M40: 0.34375 | N40: 0.275 | O40: =SUM(V052_20[[#This Row],[MPAL]:[CALDERA]]) -> 0.61875 | Q40: =(Q39-V052_20[[#This Row],[TOTAL ]])+V052_20[[#This Row],[FAENA]] -> 207.75833 | R40: 0 | S40: 0 | T40: 0 | U40: 0 | V40: 0 | W40: =SUM(V052_20[[#This Row],[MPAL2]:[GI]]) -> 0 | Y40: =(Y39-V052_20[[#This Row],[TOTAL]])+V052_20[[#This Row],[FAENA2]] -> 69.8 | AB40: =(AB39-V052_20[[#This Row],[CYLINDER MP]])+V052_20[[#This Row],[FAENA EN LTS]] -> 100 | AE40: =(AE39-V052_20[[#This Row],[CARTER MP.]])+V052_20[[#This Row],[FAENA EN LTS2]] -> 100 | AH40: =(AH39-V052_20[[#This Row],[MOT AUX]])+V052_20[[#This Row],[FAENA EN LTS]] -> 100 | AK40: =(AK39-V052_20[[#This Row],[HIDRAULICO]])+V052_20[[#This Row],[FAENA EN LTS3]] -> 100
A41: V052-20 | B41: 43849 | C41: 0.64583333 | D41: =IF(V052_20[[#This Row],[FECHA]]-B40=1,((V052_20[[#This Row],[HORA]]-C40)*24)+24,(V052_20[[#This Row],[HORA]]-C40)*24) -> 0.5 | E41: MANIOBRA | F41: INICIO DE VIAJE SALAVERRY | I41: =IF(ISERROR(V052_20[[#This Row],[DISTANCIA POR CARTA]]/V052_20[[#This Row],[TIEMPO DE NAVEGACION]]),0,V052_20[[#This Row],[DISTANCIA POR CARTA]]/V052_20[[#This Row],[TIEMPO DE NAVEGACION]]) -> 0 | J41: S2 | K41: 95 | L41: 0.10416667 | M41: 0.052083333 | N41: 0.041666667 | O41: =SUM(V052_20[[#This Row],[MPAL]:[CALDERA]]) -> 0.19791667 | Q41: =(Q40-V052_20[[#This Row],[TOTAL ]])+V052_20[[#This Row],[FAENA]] -> 207.56042 | R41: 0 | S41: 0 | T41: 0 | U41: 0 | V41: 0 | W41: =SUM(V052_20[[#This Row],[MPAL2]:[GI]]) -> 0 | Y41: =(Y40-V052_20[[#This Row],[TOTAL]])+V052_20[[#This Row],[FAENA2]] -> 69.8 | AB41: =(AB40-V052_20[[#This Row],[CYLINDER MP]])+V052_20[[#This Row],[FAENA EN LTS]] -> 100 | AE41: =(AE40-V052_20[[#This Row],[CARTER MP.]])+V052_20[[#This Row],[FAENA EN LTS2]] -> 100 | AH41: =(AH40-V052_20[[#This Row],[MOT AUX]])+V052_20[[#This Row],[FAENA EN LTS]] -> 100 | AK41: =(AK40-V052_20[[#This Row],[HIDRAULICO]])+V052_20[[#This Row],[FAENA EN LTS3]] -> 100
A42: V052-20 | B42: 43850 | C42: 0.0125 | D42: =IF(V052_20[[#This Row],[FECHA]]-B41=1,((V052_20[[#This Row],[HORA]]-C41)*24)+24,(V052_20[[#This Row],[HORA]]-C41)*24) -> 8.8 | E42: NAVEGANDO CON CARGA | F42: ARRIBO SALAVERRY | G42: 96 | H42: 8.8 | I42: =IF(ISERROR(V052_20[[#This Row],[DISTANCIA POR CARTA]]/V052_20[[#This Row],[TIEMPO DE NAVEGACION]]),0,V052_20[[#This Row],[DISTANCIA POR CARTA]]/V052_20[[#This Row],[TIEMPO DE NAVEGACION]]) -> 10.909091 | J42: S 2 | K42: 95 | L42: 8.0666667 | M42: 0.91666667 | N42: 0 | O42: =SUM(V052_20[[#This Row],[MPAL]:[CALDERA]]) -> 8.9833333 | Q42: =(Q41-V052_20[[#This Row],[TOTAL ]])+V052_20[[#This Row],[FAENA]] -> 198.57708 | R42: 0 | S42: 0 | T42: 0 | U42: 0 | V42: 0 | W42: =SUM(V052_20[[#This Row],[MPAL2]:[GI]]) -> 0 | Y42: =(Y41-V052_20[[#This Row],[TOTAL]])+V052_20[[#This Row],[FAENA2]] -> 69.8 | AB42: =(AB41-V052_20[[#This Row],[CYLINDER MP]])+V052_20[[#This Row],[FAENA EN LTS]] -> 100 | AE42: =(AE41-V052_20[[#This Row],[CARTER MP.]])+V052_20[[#This Row],[FAENA EN LTS2]] -> 100 | AH42: =(AH41-V052_20[[#This Row],[MOT AUX]])+V052_20[[#This Row],[FAENA EN LTS]] -> 100 | AK42: =(AK41-V052_20[[#This Row],[HIDRAULICO]])+V052_20[[#This Row],[FAENA EN LTS3]] -> 100
A43: V052-20 | B43: 43850 | C43: 0.1 | D43: =IF(V052_20[[#This Row],[FECHA]]-B42=1,((V052_20[[#This Row],[HORA]]-C42)*24)+24,(V052_20[[#This Row],[HORA]]-C42)*24) -> 2.1 | E43: MANIOBRA | F43: TCM SALAVERRY | I43: =IF(ISERROR(V052_20[[#This Row],[DISTANCIA POR CARTA]]/V052_20[[#This Row],[TIEMPO DE NAVEGACION]]),0,V052_20[[#This Row],[DISTANCIA POR CARTA]]/V052_20[[#This Row],[TIEMPO DE NAVEGACION]]) -> 0 | L43: 0.175 | M43: 0.21875 | N43: 0.175 | O43: =SUM(V052_20[[#This Row],[MPAL]:[CALDERA]]) -> 0.56875 | Q43: =(Q42-V052_20[[#This Row],[TOTAL ]])+V052_20[[#This Row],[FAENA]] -> 198.00833 | R43: 0 | S43: 0 | T43: 0 | U43: 0 | V43: 0 | W43: =SUM(V052_20[[#This Row],[MPAL2]:[GI]]) -> 0 | Y43: =(Y42-V052_20[[#This Row],[TOTAL]])+V052_20[[#This Row],[FAENA2]] -> 69.8 | AB43: =(AB42-V052_20[[#This Row],[CYLINDER MP]])+V052_20[[#This Row],[FAENA EN LTS]] -> 100 | AE43: =(AE42-V052_20[[#This Row],[CARTER MP.]])+V052_20[[#This Row],[FAENA EN LTS2]] -> 100 | AH43: =(AH42-V052_20[[#This Row],[MOT AUX]])+V052_20[[#This Row],[FAENA EN LTS]] -> 100 | AK43: =(AK42-V052_20[[#This Row],[HIDRAULICO]])+V052_20[[#This Row],[FAENA EN LTS3]] -> 100
A44: V052-20 | B44: 43850 | C44: 0.3 | D44: =IF(V052_20[[#This Row],[FECHA]]-B43=1,((V052_20[[#This Row],[HORA]]-C43)*24)+24,(V052_20[[#This Row],[HORA]]-C43)*24) -> 4.8 | E44: OTRAS ACT. | F44: INICIO DESCARGA SALAVERRY | I44: =IF(ISERROR(V052_20[[#This Row],[DISTANCIA POR CARTA]]/V052_20[[#This Row],[TIEMPO DE NAVEGACION]]),0,V052_20[[#This Row],[DISTANCIA POR CARTA]]/V052_20[[#This Row],[TIEMPO DE NAVEGACION]]) -> 0 | L44: 0 | M44: 0.5 | N44: 0.4 | O44: =SUM(V052_20[[#This Row],[MPAL]:[CALDERA]]) -> 0.9 | Q44: =(Q43-V052_20[[#This Row],[TOTAL ]])+V052_20[[#This Row],[FAENA]] -> 197.10833 | R44: 0 | S44: 0 | T44: 0 | U44: 0 | V44: 0 | W44: =SUM(V052_20[[#This Row],[MPAL2]:[GI]]) -> 0 | Y44: =(Y43-V052_20[[#This Row],[TOTAL]])+V052_20[[#This Row],[FAENA2]] -> 69.8 | AB44: =(AB43-V052_20[[#This Row],[CYLINDER MP]])+V052_20[[#This Row],[FAENA EN LTS]] -> 100 | AE44: =(AE43-V052_20[[#This Row],[CARTER MP.]])+V052_20[[#This Row],[FAENA EN LTS2]] -> 100 | AH44: =(AH43-V052_20[[#This Row],[MOT AUX]])+V052_20[[#This Row],[FAENA EN LTS]] -> 100 | AK44: =(AK43-V052_20[[#This Row],[HIDRAULICO]])+V052_20[[#This Row],[FAENA EN LTS3]] -> 100
A45: V052-20 | B45: 43850 | C45: 0.33333333 | D45: =IF(V052_20[[#This Row],[FECHA]]-B44=1,((V052_20[[#This Row],[HORA]]-C44)*24)+24,(V052_20[[#This Row],[HORA]]-C44)*24) -> 0.8 | E45: DESCARGANDO | F45: SALAVERRY | I45: =IF(ISERROR(V052_20[[#This Row],[DISTANCIA POR CARTA]]/V052_20[[#This Row],[TIEMPO DE NAVEGACION]]),0,V052_20[[#This Row],[DISTANCIA POR CARTA]]/V052_20[[#This Row],[TIEMPO DE NAVEGACION]]) -> 0 | L45: 0 | M45: 0.083333333 | N45: 0.066666667 | O45: =SUM(V052_20[[#This Row],[MPAL]:[CALDERA]]) -> 0.15 | Q45: =(Q44-V052_20[[#This Row],[TOTAL ]])+V052_20[[#This Row],[FAENA]] -> 196.95833 | R45: 0 | S45: 0 | T45: 0 | U45: 0 | V45: 0.1 | W45: =SUM(V052_20[[#This Row],[MPAL2]:[GI]]) -> 0.1 | Y45: =(Y44-V052_20[[#This Row],[TOTAL]])+V052_20[[#This Row],[FAENA2]] -> 69.7 | AB45: =(AB44-V052_20[[#This Row],[CYLINDER MP]])+V052_20[[#This Row],[FAENA EN LTS]] -> 100 | AE45: =(AE44-V052_20[[#This Row],[CARTER MP.]])+V052_20[[#This Row],[FAENA EN LTS2]] -> 100 | AH45: =(AH44-V052_20[[#This Row],[MOT AUX]])+V052_20[[#This Row],[FAENA EN LTS]] -> 100 | AK45: =(AK44-V052_20[[#This Row],[HIDRAULICO]])+V052_20[[#This Row],[FAENA EN LTS3]] -> 100
A46: V052-20 | B46: 43850 | C46: 0.90833333 | D46: =IF(V052_20[[#This Row],[FECHA]]-B45=1,((V052_20[[#This Row],[HORA]]-C45)*24)+24,(V052_20[[#This Row],[HORA]]-C45)*24) -> 13.8 | E46: DESCARGANDO | F46: TERMINO DESCARGA SALAVERRY | I46: =IF(ISERROR(V052_20[[#This Row],[DISTANCIA POR CARTA]]/V052_20[[#This Row],[TIEMPO DE NAVEGACION]]),0,V052_20[[#This Row],[DISTANCIA POR CARTA]]/V052_20[[#This Row],[TIEMPO DE NAVEGACION]]) -> 0 | L46: 0 | M46: 1.4375 | N46: 1.15 | O46: =SUM(V052_20[[#This Row],[MPAL]:[CALDERA]]) -> 2.5875 | Q46: =(Q45-V052_20[[#This Row],[TOTAL ]])+V052_20[[#This Row],[FAENA]] -> 194.37083 | R46: 0 | S46: 0 | T46: 0 | U46: 0 | V46: 2.3 | W46: =SUM(V052_20[[#This Row],[MPAL2]:[GI]]) -> 2.3 | Y46: =(Y45-V052_20[[#This Row],[TOTAL]])+V052_20[[#This Row],[FAENA2]] -> 67.4 | AB46: =(AB45-V052_20[[#This Row],[CYLINDER MP]])+V052_20[[#This Row],[FAENA EN LTS]] -> 100 | AE46: =(AE45-V052_20[[#This Row],[CARTER MP.]])+V052_20[[#This Row],[FAENA EN LTS2]] -> 100 | AH46: =(AH45-V052_20[[#This Row],[MOT AUX]])+V052_20[[#This Row],[FAENA EN LTS]] -> 100 | AK46: =(AK45-V052_20[[#This Row],[HIDRAULICO]])+V052_20[[#This Row],[FAENA EN LTS3]] -> 100
A47: V052-20 | B47: 43851 | C47: 0.025 | D47: =IF(V052_20[[#This Row],[FECHA]]-B46=1,((V052_20[[#This Row],[HORA]]-C46)*24)+24,(V052_20[[#This Row],[HORA]]-C46)*24) -> 2.8 | E47: OTRAS ACT. | F47: ANCLA ARRIBA SALAVERRY | I47: =IF(ISERROR(V052_20[[#This Row],[DISTANCIA POR CARTA]]/V052_20[[#This Row],[TIEMPO DE NAVEGACION]]),0,V052_20[[#This Row],[DISTANCIA POR CARTA]]/V052_20[[#This Row],[TIEMPO DE NAVEGACION]]) -> 0 | L47: 0 | M47: 0.29166667 | N47: 0.23333333 | O47: =SUM(V052_20[[#This Row],[MPAL]:[CALDERA]]) -> 0.525 | Q47: =(Q46-V052_20[[#This Row],[TOTAL ]])+V052_20[[#This Row],[FAENA]] -> 193.84583 | R47: 0 | S47: 0 | T47: 0 | U47: 0 | V47: 0 | W47: =SUM(V052_20[[#This Row],[MPAL2]:[GI]]) -> 0 | Y47: =(Y46-V052_20[[#This Row],[TOTAL]])+V052_20[[#This Row],[FAENA2]] -> 67.4 | AB47: =(AB46-V052_20[[#This Row],[CYLINDER MP]])+V052_20[[#This Row],[FAENA EN LTS]] -> 100 | AE47: =(AE46-V052_20[[#This Row],[CARTER MP.]])+V052_20[[#This Row],[FAENA EN LTS2]] -> 100 | AH47: =(AH46-V052_20[[#This Row],[MOT AUX]])+V052_20[[#This Row],[FAENA EN LTS]] -> 100 | AK47: =(AK46-V052_20[[#This Row],[HIDRAULICO]])+V052_20[[#This Row],[FAENA EN LTS3]] -> 100
A48: V052-20 | B48: 43851 | C48: 0.05 | D48: =IF(V052_20[[#This Row],[FECHA]]-B47=1,((V052_20[[#This Row],[HORA]]-C47)*24)+24,(V052_20[[#This Row],[HORA]]-C47)*24) -> 0.6 | E48: MANIOBRA | F48: INICIO VIAJE CHIMBOTE | I48: =IF(ISERROR(V052_20[[#This Row],[DISTANCIA POR CARTA]]/V052_20[[#This Row],[TIEMPO DE NAVEGACION]]),0,V052_20[[#This Row],[DISTANCIA POR CARTA]]/V052_20[[#This Row],[TIEMPO DE NAVEGACION]]) -> 0 | J48: S2 | K48: 95 | L48: 0.125 | M48: 0.0625 | N48: 0.05 | O48: =SUM(V052_20[[#This Row],[MPAL]:[CALDERA]]) -> 0.2375 | Q48: =(Q47-V052_20[[#This Row],[TOTAL ]])+V052_20[[#This Row],[FAENA]] -> 193.60833 | R48: 0 | S48: 0 | T48: 0 | U48: 0 | V48: 0 | W48: =SUM(V052_20[[#This Row],[MPAL2]:[GI]]) -> 0 | Y48: =(Y47-V052_20[[#This Row],[TOTAL]])+V052_20[[#This Row],[FAENA2]] -> 67.4 | AB48: =(AB47-V052_20[[#This Row],[CYLINDER MP]])+V052_20[[#This Row],[FAENA EN LTS]] -> 100 | AE48: =(AE47-V052_20[[#This Row],[CARTER MP.]])+V052_20[[#This Row],[FAENA EN LTS2]] -> 100 | AH48: =(AH47-V052_20[[#This Row],[MOT AUX]])+V052_20[[#This Row],[FAENA EN LTS]] -> 100 | AK48: =(AK47-V052_20[[#This Row],[HIDRAULICO]])+V052_20[[#This Row],[FAENA EN LTS3]] -> 100
A49: V052-20 | B49: 43851 | C49: 0.3 | D49: =IF(V052_20[[#This Row],[FECHA]]-B48=1,((V052_20[[#This Row],[HORA]]-C48)*24)+24,(V052_20[[#This Row],[HORA]]-C48)*24) -> 6 | E49: NAVEGANDO CON CARGA | F49: ARRIBO CHIMBOTE | G49: 62 | H49: 6 | I49: =IF(ISERROR(V052_20[[#This Row],[DISTANCIA POR CARTA]]/V052_20[[#This Row],[TIEMPO DE NAVEGACION]]),0,V052_20[[#This Row],[DISTANCIA POR CARTA]]/V052_20[[#This Row],[TIEMPO DE NAVEGACION]]) -> 10.333333 | J49: S 2 | K49: 95 | L49: 5.5 | M49: 0.625 | N49: 0 | O49: =SUM(V052_20[[#This Row],[MPAL]:[CALDERA]]) -> 6.125 | Q49: =(Q48-V052_20[[#This Row],[TOTAL ]])+V052_20[[#This Row],[FAENA]] -> 187.48333 | R49: 0 | S49: 0 | T49: 0 | U49: 0 | V49: 0 | W49: =SUM(V052_20[[#This Row],[MPAL2]:[GI]]) -> 0 | Y49: =(Y48-V052_20[[#This Row],[TOTAL]])+V052_20[[#This Row],[FAENA2]] -> 67.4 | AB49: =(AB48-V052_20[[#This Row],[CYLINDER MP]])+V052_20[[#This Row],[FAENA EN LTS]] -> 100 | AE49: =(AE48-V052_20[[#This Row],[CARTER MP.]])+V052_20[[#This Row],[FAENA EN LTS2]] -> 100 | AH49: =(AH48-V052_20[[#This Row],[MOT AUX]])+V052_20[[#This Row],[FAENA EN LTS]] -> 100 | AK49: =(AK48-V052_20[[#This Row],[HIDRAULICO]])+V052_20[[#This Row],[FAENA EN LTS3]] -> 100
A50: V052-20 | B50: 43851 | C50: 0.33333333 | D50: =IF(V052_20[[#This Row],[FECHA]]-B49=1,((V052_20[[#This Row],[HORA]]-C49)*24)+24,(V052_20[[#This Row],[HORA]]-C49)*24) -> 0.8 | E50: MANIOBRA | F50: CHIMBOTE | I50: =IF(ISERROR(V052_20[[#This Row],[DISTANCIA POR CARTA]]/V052_20[[#This Row],[TIEMPO DE NAVEGACION]]),0,V052_20[[#This Row],[DISTANCIA POR CARTA]]/V052_20[[#This Row],[TIEMPO DE NAVEGACION]]) -> 0 | L50: 0.066666667 | M50: 0.083333333 | N50: 0.066666667 | O50: =SUM(V052_20[[#This Row],[MPAL]:[CALDERA]]) -> 0.21666667 | Q50: =(Q49-V052_20[[#This Row],[TOTAL ]])+V052_20[[#This Row],[FAENA]] -> 187.26667 | R50: 0 | S50: 0 | T50: 0 | U50: 0 | V50: 0 | W50: =SUM(V052_20[[#This Row],[MPAL2]:[GI]]) -> 0 | Y50: =(Y49-V052_20[[#This Row],[TOTAL]])+V052_20[[#This Row],[FAENA2]] -> 67.4 | AB50: =(AB49-V052_20[[#This Row],[CYLINDER MP]])+V052_20[[#This Row],[FAENA EN LTS]] -> 100 | AE50: =(AE49-V052_20[[#This Row],[CARTER MP.]])+V052_20[[#This Row],[FAENA EN LTS2]] -> 100 | AH50: =(AH49-V052_20[[#This Row],[MOT AUX]])+V052_20[[#This Row],[FAENA EN LTS]] -> 100 | AK50: =(AK49-V052_20[[#This Row],[HIDRAULICO]])+V052_20[[#This Row],[FAENA EN LTS3]] -> 100
A51: V052-20 | B51: 43851 | C51: 0.4375 | D51: =IF(V052_20[[#This Row],[FECHA]]-B50=1,((V052_20[[#This Row],[HORA]]-C50)*24)+24,(V052_20[[#This Row],[HORA]]-C50)*24) -> 2.5 | E51: MANIOBRA | F51: TCM CHIMBOTE | I51: =IF(ISERROR(V052_20[[#This Row],[DISTANCIA POR CARTA]]/V052_20[[#This Row],[TIEMPO DE NAVEGACION]]),0,V052_20[[#This Row],[DISTANCIA POR CARTA]]/V052_20[[#This Row],[TIEMPO DE NAVEGACION]]) -> 0 | L51: 0.20833333 | M51: 0.26041667 | N51: 0.20833333 | O51: =SUM(V052_20[[#This Row],[MPAL]:[CALDERA]]) -> 0.67708333 | Q51: =(Q50-V052_20[[#This Row],[TOTAL ]])+V052_20[[#This Row],[FAENA]] -> 186.58958 | R51: 0 | S51: 0 | T51: 0 | U51: 0 | V51: 0 | W51: =SUM(V052_20[[#This Row],[MPAL2]:[GI]]) -> 0 | Y51: =(Y50-V052_20[[#This Row],[TOTAL]])+V052_20[[#This Row],[FAENA2]] -> 67.4 | AB51: =(AB50-V052_20[[#This Row],[CYLINDER MP]])+V052_20[[#This Row],[FAENA EN LTS]] -> 100 | AE51: =(AE50-V052_20[[#This Row],[CARTER MP.]])+V052_20[[#This Row],[FAENA EN LTS2]] -> 100 | AH51: =(AH50-V052_20[[#This Row],[MOT AUX]])+V052_20[[#This Row],[FAENA EN LTS]] -> 100 | AK51: =(AK50-V052_20[[#This Row],[HIDRAULICO]])+V052_20[[#This Row],[FAENA EN LTS3]] -> 100
A52: V052-20 | B52: 43851 | C52: 0.975 | D52: =IF(V052_20[[#This Row],[FECHA]]-B51=1,((V052_20[[#This Row],[HORA]]-C51)*24)+24,(V052_20[[#This Row],[HORA]]-C51)*24) -> 12.9 | E52: DESCARGANDO | F52: CHIMBOTE | I52: =IF(ISERROR(V052_20[[#This Row],[DISTANCIA POR CARTA]]/V052_20[[#This Row],[TIEMPO DE NAVEGACION]]),0,V052_20[[#This Row],[DISTANCIA POR CARTA]]/V052_20[[#This Row],[TIEMPO DE NAVEGACION]]) -> 0 | L52: 0 | M52: 1.34375 | N52: 1.075 | O52: =SUM(V052_20[[#This Row],[MPAL]:[CALDERA]]) -> 2.41875 | Q52: =(Q51-V052_20[[#This Row],[TOTAL ]])+V052_20[[#This Row],[FAENA]] -> 184.17083 | R52: 0 | S52: 0 | T52: 0 | U52: 0 | V52: 2.1 | W52: =SUM(V052_20[[#This Row],[MPAL2]:[GI]]) -> 2.1 | Y52: =(Y51-V052_20[[#This Row],[TOTAL]])+V052_20[[#This Row],[FAENA2]] -> 65.3 | AB52: =(AB51-V052_20[[#This Row],[CYLINDER MP]])+V052_20[[#This Row],[FAENA EN LTS]] -> 100 | AE52: =(AE51-V052_20[[#This Row],[CARTER MP.]])+V052_20[[#This Row],[FAENA EN LTS2]] -> 100 | AH52: =(AH51-V052_20[[#This Row],[MOT AUX]])+V052_20[[#This Row],[FAENA EN LTS]] -> 100 | AK52: =(AK51-V052_20[[#This Row],[HIDRAULICO]])+V052_20[[#This Row],[FAENA EN LTS3]] -> 100
A53: V052-20 | B53: 43852 | C53: 0.11666667 | D53: =IF(V052_20[[#This Row],[FECHA]]-B52=1,((V052_20[[#This Row],[HORA]]-C52)*24)+24,(V052_20[[#This Row],[HORA]]-C52)*24) -> 3.4 | E53: OTRAS ACT. | F53: ANCLA ARRIBA CHIMBOTE | I53: =IF(ISERROR(V052_20[[#This Row],[DISTANCIA POR CARTA]]/V052_20[[#This Row],[TIEMPO DE NAVEGACION]]),0,V052_20[[#This Row],[DISTANCIA POR CARTA]]/V052_20[[#This Row],[TIEMPO DE NAVEGACION]]) -> 0 | L53: 0 | M53: 0.35416667 | N53: 0.3 | O53: =SUM(V052_20[[#This Row],[MPAL]:[CALDERA]]) -> 0.65416667 | Q53: =(Q52-V052_20[[#This Row],[TOTAL ]])+V052_20[[#This Row],[FAENA]] -> 183.51667 | R53: 0 | S53: 0 | T53: 0 | U53: 0 | V53: 0 | W53: =SUM(V052_20[[#This Row],[MPAL2]:[GI]]) -> 0 | Y53: =(Y52-V052_20[[#This Row],[TOTAL]])+V052_20[[#This Row],[FAENA2]] -> 65.3 | AB53: =(AB52-V052_20[[#This Row],[CYLINDER MP]])+V052_20[[#This Row],[FAENA EN LTS]] -> 100 | AE53: =(AE52-V052_20[[#This Row],[CARTER MP.]])+V052_20[[#This Row],[FAENA EN LTS2]] -> 100 | AH53: =(AH52-V052_20[[#This Row],[MOT AUX]])+V052_20[[#This Row],[FAENA EN LTS]] -> 100 | AK53: =(AK52-V052_20[[#This Row],[HIDRAULICO]])+V052_20[[#This Row],[FAENA EN LTS3]] -> 100
A54: V052-20 | B54: 43852 | C54: 0.15416667 | D54: =IF(V052_20[[#This Row],[FECHA]]-B53=1,((V052_20[[#This Row],[HORA]]-C53)*24)+24,(V052_20[[#This Row],[HORA]]-C53)*24) -> 0.9 | E54: MANIOBRA | F54: INICIO VIAJE CALLAO | I54: =IF(ISERROR(V052_20[[#This Row],[DISTANCIA POR CARTA]]/V052_20[[#This Row],[TIEMPO DE NAVEGACION]]),0,V052_20[[#This Row],[DISTANCIA POR CARTA]]/V052_20[[#This Row],[TIEMPO DE NAVEGACION]]) -> 0 | J54: S2 | K54: 95 | L54: 0.1875 | M54: 0.09375 | N54: 0.085 | O54: =SUM(V052_20[[#This Row],[MPAL]:[CALDERA]]) -> 0.36625 | Q54: =(Q53-V052_20[[#This Row],[TOTAL ]])+V052_20[[#This Row],[FAENA]] -> 183.15042 | R54: 0 | S54: 0 | T54: 0 | U54: 0 | V54: 0 | W54: =SUM(V052_20[[#This Row],[MPAL2]:[GI]]) -> 0 | Y54: =(Y53-V052_20[[#This Row],[TOTAL]])+V052_20[[#This Row],[FAENA2]] -> 65.3 | AB54: =(AB53-V052_20[[#This Row],[CYLINDER MP]])+V052_20[[#This Row],[FAENA EN LTS]] -> 100 | AE54: =(AE53-V052_20[[#This Row],[CARTER MP.]])+V052_20[[#This Row],[FAENA EN LTS2]] -> 100 | AH54: =(AH53-V052_20[[#This Row],[MOT AUX]])+V052_20[[#This Row],[FAENA EN LTS]] -> 100 | AK54: =(AK53-V052_20[[#This Row],[HIDRAULICO]])+V052_20[[#This Row],[FAENA EN LTS3]] -> 100
A55: V052-20 | B55: 43852 | C55: 0.33333333 | D55: =IF(V052_20[[#This Row],[FECHA]]-B54=1,((V052_20[[#This Row],[HORA]]-C54)*24)+24,(V052_20[[#This Row],[HORA]]-C54)*24) -> 4.3 | E55: NAVEGANDO EN LASTRE | F55: CALLAO | I55: =IF(ISERROR(V052_20[[#This Row],[DISTANCIA POR CARTA]]/V052_20[[#This Row],[TIEMPO DE NAVEGACION]]),0,V052_20[[#This Row],[DISTANCIA POR CARTA]]/V052_20[[#This Row],[TIEMPO DE NAVEGACION]]) -> 0 | J55: S2 | K55: 95 | L55: 3.9416667 | M55: 0.44791667 | N55: 0 | O55: =SUM(V052_20[[#This Row],[MPAL]:[CALDERA]]) -> 4.3895833 | Q55: =(Q54-V052_20[[#This Row],[TOTAL ]])+V052_20[[#This Row],[FAENA]] -> 178.76083 | R55: 0 | S55: 0 | T55: 0 | U55: 0 | V55: 0 | W55: =SUM(V052_20[[#This Row],[MPAL2]:[GI]]) -> 0 | Y55: =(Y54-V052_20[[#This Row],[TOTAL]])+V052_20[[#This Row],[FAENA2]] -> 65.3 | AB55: =(AB54-V052_20[[#This Row],[CYLINDER MP]])+V052_20[[#This Row],[FAENA EN LTS]] -> 100 | AE55: =(AE54-V052_20[[#This Row],[CARTER MP.]])+V052_20[[#This Row],[FAENA EN LTS2]] -> 100 | AH55: =(AH54-V052_20[[#This Row],[MOT AUX]])+V052_20[[#This Row],[FAENA EN LTS]] -> 100 | AK55: =(AK54-V052_20[[#This Row],[HIDRAULICO]])+V052_20[[#This Row],[FAENA EN LTS3]] -> 100
A56: V052-20 | B56: 43852 | C56: 0.85416667 | D56: =IF(V052_20[[#This Row],[FECHA]]-B55=1,((V052_20[[#This Row],[HORA]]-C55)*24)+24,(V052_20[[#This Row],[HORA]]-C55)*24) -> 12.5 | E56: NAVEGANDO EN LASTRE | F56: ARRIBO CALLAO | G56: 201 | H56: 16.8 | I56: =IF(ISERROR(V052_20[[#This Row],[DISTANCIA POR CARTA]]/V052_20[[#This Row],[TIEMPO DE NAVEGACION]]),0,V052_20[[#This Row],[DISTANCIA POR CARTA]]/V052_20[[#This Row],[TIEMPO DE NAVEGACION]]) -> 11.964286 | J56: S 2 | K56: 95 | L56: 11.458333 | M56: 1.3020833 | N56: 0 | O56: =SUM(V052_20[[#This Row],[MPAL]:[CALDERA]]) -> 12.760417 | Q56: =(Q55-V052_20[[#This Row],[TOTAL ]])+V052_20[[#This Row],[FAENA]] -> 166.00042 | R56: 0 | S56: 0 | T56: 0 | U56: 0 | V56: 0 | W56: =SUM(V052_20[[#This Row],[MPAL2]:[GI]]) -> 0 | Y56: =(Y55-V052_20[[#This Row],[TOTAL]])+V052_20[[#This Row],[FAENA2]] -> 65.3 | AB56: =(AB55-V052_20[[#This Row],[CYLINDER MP]])+V052_20[[#This Row],[FAENA EN LTS]] -> 100 | AE56: =(AE55-V052_20[[#This Row],[CARTER MP.]])+V052_20[[#This Row],[FAENA EN LTS2]] -> 100 | AH56: =(AH55-V052_20[[#This Row],[MOT AUX]])+V052_20[[#This Row],[FAENA EN LTS]] -> 100 | AK56: =(AK55-V052_20[[#This Row],[HIDRAULICO]])+V052_20[[#This Row],[FAENA EN LTS3]] -> 100
D57: =SUBTOTAL(109,V052_20[TIEMPO Hrs]) -> 293.5 | L57: =SUBTOTAL(109,V052_20[MPAL]) -> 59.1 | M57: =SUBTOTAL(109,V052_20[AUX.]) -> 30.572917 | N57: =SUBTOTAL(109,V052_20[CALDERA]) -> 19.326667
O58: =SUM(L57:N57) -> 108.99958
C59: RESUMEN MENSUAL, CONSUMO VLSFO | Q59: RESUMEN MENSUAL, CONSUMO MGO EN MT
C61: ACTIVIDAD REALIZADA | D61: TOTAL DE HORAS POR ACTIVIDAD | E61: TOTAL MILLAS NAVEGADAS | F61: PROMEDIO VELOCIDAD REAL | G61: VELOCIDAD POR CONTRATO | H61: CONSUMO MENSUAL REAL | I61: CONSUMO DIARIO REAL | J61: CONSUMO DIARIO POR CONTRATO | K61: HORAS NAVEGADAS POR CONTRATO | L61: CONSUMO MENSUAL POR CONTRATO | M61: BALANCE DE COMBUSTIBLE | N61: BALANCE HORAS NAVEGADAS | Q61: EQUIPO | R61: CONSUMO MENSUAL REAL | S61: CONSUMO DIARIO REAL | T61: CONSUMO DIARIO POR CONTRATO | U61: CONSUMO MENSUAL POR CONTRATO | V61: BALANCE MENSUAL
C62: CARGANDO | D62: =SUMIF(V052_20[ACTIVIDAD REALIZADA],C62,V052_20[TIEMPO Hrs]) -> 41.4 | H62: =SUMIF(V052_20[ACTIVIDAD REALIZADA],C62,V052_20[MPAL])+SUMIF(V052_20[ACTIVIDAD REALIZADA],C62,V052_20[AUX.])+SUMIF(V052_20[ACTIVIDAD REALIZADA],C62,V052_20[CALDERA]) -> 7.7625 | I62: =H62*24/D62 -> 4.5 | J62: 4.5 | L62: =D62*J62/24 -> 7.7625 | M62: =L62-H62 -> 0 | Q62: GAS INERT | R62: =SUM(V052_20[GI]) -> 10.05 | S62: =R62*24/($D$63+$D$69) -> 2.5283019 | T62: 6 | U62: =($D$63+$D$69)*T62/24 -> 23.85 | V62: =U62-R62 -> 13.8
C63: DESCARGANDO | D63: =SUMIF(V052_20[ACTIVIDAD REALIZADA],C63,V052_20[TIEMPO Hrs]) -> 61.9 | H63: =SUMIF(V052_20[ACTIVIDAD REALIZADA],C63,V052_20[MPAL])+SUMIF(V052_20[ACTIVIDAD REALIZADA],C63,V052_20[AUX.])+SUMIF(V052_20[ACTIVIDAD REALIZADA],C63,V052_20[CALDERA]) -> 11.5875 | I63: =H63*24/D63 -> 4.4927302 | J63: 4.5 | L63: =D63*4.5/24 -> 11.60625 | M63: =L63-H63 -> 0.01875 | Q63: M/AUX | R63: =SUM(V052_20[ [ AUX] ]) -> 0 | S63: =R63*24/($D$63+$D$69) -> 0
C64: NAVEGANDO EN LASTRE | D64: =SUMIF(V052_20[ACTIVIDAD REALIZADA],C64,V052_20[TIEMPO Hrs]) -> 16.8 | E64: =SUMIF(V052_20[ACTIVIDAD REALIZADA],C64,V052_20[DISTANCIA POR CARTA]) -> 201 | F64: =E64/D64 -> 11.964286 | G64: 12.5 | H64: =SUMIF(V052_20[ACTIVIDAD REALIZADA],C64,V052_20[MPAL])+SUMIF(V052_20[ACTIVIDAD REALIZADA],C64,V052_20[AUX.])+SUMIF(V052_20[ACTIVIDAD REALIZADA],C64,V052_20[CALDERA]) -> 17.15 | I64: =H64*24/D64 -> 24.5 | J64: 30.5 | K64: =E64/G64 -> 16.08 | L64: =K64*J64/24 -> 20.435 | M64: =L64-H64 -> 3.285 | N64: =K64-D64 -> -0.72 | Q64: CALDERA | R64: =SUM(T6:T56) -> 0 | S64: =R64*24/($D$63+$D$69) -> 0
C65: NAVEGANDO CON CARGA | D65: =SUMIF(V052_20[ACTIVIDAD REALIZADA],C65,V052_20[TIEMPO Hrs]) -> 45.1 | E65: =SUMIF(V052_20[ACTIVIDAD REALIZADA],C65,V052_20[DISTANCIA POR CARTA]) -> 515 | F65: =E65/D65 -> 11.419069 | G65: 12 | H65: =SUMIF(V052_20[ACTIVIDAD REALIZADA],C65,V052_20[MPAL])+SUMIF(V052_20[ACTIVIDAD REALIZADA],C65,V052_20[AUX.])+SUMIF(V052_20[ACTIVIDAD REALIZADA],C65,V052_20[CALDERA]) -> 46.039583 | I65: =H65*24/D65 -> 24.5 | J65: 30.5 | K65: =E65/G65 -> 42.916667 | L65: =K65*J65/24 -> 54.539931 | M65: =L65-H65 -> 8.5003472 | N65: =K65-D65 -> -2.1833333 | Q65: POWER P | R65: =SUM(U6:U56) -> 0 | S65: =R65*24/($D$63+$D$69) -> 0
C66: NAVEGACION ECONOMICA | D66: =SUMIF(V052_20[ACTIVIDAD REALIZADA],C66,V052_20[TIEMPO Hrs]) -> 0 | E66: =SUMIF(V052_20[ACTIVIDAD REALIZADA],C66,V052_20[DISTANCIA POR CARTA]) -> 0 | F66: =IF(ISERROR(E66/D66),0,E66/D66) -> 0 | G66: 12 | H66: =SUMIF(V052_20[ACTIVIDAD REALIZADA],C66,V052_20[MPAL])+SUMIF(V052_20[ACTIVIDAD REALIZADA],C66,V052_20[AUX.])+SUMIF(V052_20[ACTIVIDAD REALIZADA],C66,V052_20[CALDERA]) -> 0 | I66: =IF(ISERROR(H66*24/D66),0,H66*24/D66) -> 0 | J66: 30.5 | K66: =IF(ISERROR(E66/F66),0,E66/F66) -> 0 | L66: =IF(ISERROR(K66*J66/24),0,K66*J66/24) -> 0 | M66: =L66-H66 -> 0 | N66: =K66-D66 -> 0 | Q66: MPAL2 | R66: =SUM(R6:R56) -> 0 | S66: =R66*24/($D$63+$D$69) -> 0
C67: FONDEADO | D67: =SUMIF(V052_20[ACTIVIDAD REALIZADA],C67,V052_20[TIEMPO Hrs]) -> 74.4 | H67: =SUMIF(V052_20[ACTIVIDAD REALIZADA],C67,V052_20[MPAL])+SUMIF(V052_20[ACTIVIDAD REALIZADA],C67,V052_20[AUX.])+SUMIF(V052_20[ACTIVIDAD REALIZADA],C67,V052_20[CALDERA]) -> 13.95 | I67: =H67*24/D67 -> 4.5 | J67: 4.5 | L67: =D67*J67/24 -> 13.95 | M67: =L67-H67 -> 0
C68: MANIOBRA | D68: =SUMIF(V052_20[ACTIVIDAD REALIZADA],C68,V052_20[TIEMPO Hrs]) -> 20.4 | H68: =SUMIF(V052_20[ACTIVIDAD REALIZADA],C68,V052_20[MPAL])+SUMIF(V052_20[ACTIVIDAD REALIZADA],C68,V052_20[AUX.])+SUMIF(V052_20[ACTIVIDAD REALIZADA],C68,V052_20[CALDERA]) -> 6.1933333 | I68: =H68*24/D68 -> 7.2862745 | J68: 4.5 | L68: =D68*J68/24 -> 3.825 | M68: =L68-H68 -> -2.3683333
C69: OTRAS ACT. | D69: =SUMIF(V052_20[ACTIVIDAD REALIZADA],C69,V052_20[TIEMPO Hrs]) -> 33.5 | H69: =SUMIF(V052_20[ACTIVIDAD REALIZADA],C69,V052_20[MPAL])+SUMIF(V052_20[ACTIVIDAD REALIZADA],C69,V052_20[AUX.])+SUMIF(V052_20[ACTIVIDAD REALIZADA],C69,V052_20[CALDERA]) -> 6.3166667 | I69: =H69*24/D69 -> 4.5253731 | J69: 4.5 | L69: =D69*J69/24 -> 6.28125 | M69: =L69-H69 -> -0.035416667 | Q69: TOTAL | R69: =SUM(R62:R66) -> 10.05 | S69: =SUM(S62:S66) -> 2.5283019
C71: TOTAL | D71: =SUM(D62:D69) -> 293.5 | E71: =SUM(E62:E69) -> 716 | F71: =SUM(F62:F69)/2 -> 11.691677 | H71: =SUM(H62:H69) -> 108.99958 | L71: =SUM(L62:L69) -> 118.39993 | M71: =SUM(M62:M69) -> 9.4003472 | N71: =SUM(N62:N69) -> -2.9033333

Sheet V053-20
G3: DATOS DE NAVEGACION | L3: CONSUMO VLSFO EN MT | R3: CONSUMO MGO EN MT | Z3: CONSUMO LUBRICANTES EN LTS
A4: INICIO | B4: 43852 | C4: 0.85416667 | L4: VIAJE ANTERIO | Q4: 166 | R4: VIAJE ANTERIOR | Y4: 65.3 | AA4: VIAJE ANT | AB4: 100 | AD4: VIAJE ANT | AE4: 100 | AG4: VIAJE ANT | AH4: 100 | AJ4: VIAJE | AK4: 100
A5: VIAJE | B5: FECHA | C5: HORA | D5: TIEMPO Hrs | E5: ACTIVIDAD REALIZADA | F5: REFERENCIA | G5: DISTANCIA POR CARTA | H5: TIEMPO DE NAVEGACION | I5: VELOCIDAD | J5: BEAUFORT | K5: RPM | L5: MPAL | M5: AUX. | N5: CALDERA | O5: TOTAL | P5: FAENA | Q5: ROB | R5: MPAL2 | S5: AUX | T5: CALDERA | U5: PP | V5: GI | W5: TOTAL | X5: FAENA2 | Y5: ROB | Z5: CYLINDER MP | AA5: FAENA EN LTS | AB5: CYLINDER MP ROB EN LTS | AC5: CARTER MP. | AD5: FAENA EN LTS2 | AE5: CARTER MP. ROB EN LTS | AF5: MOT AUX | AG5: FAENA EN LTS | AH5: MOT AUX ROB EN LTS | AI5: HIDRAULICO | AJ5: FAENA EN LTS3 | AK5: HIDRAULICO ROB EN LTS
A6: V053-20 | B6: 43852 | C6: 0.875 | D6: =IF(V053_20[[#This Row],[FECHA]]-B4=1,((V053_20[[#This Row],[HORA]]-C4)*24)+24,(V053_20[[#This Row],[HORA]]-C4)*24) -> 0.5 | E6: MANIOBRA | F6: CALLAO | I6: 0 | L6: 0.10416667 | M6: 0.052083333 | N6: 0.041666667 | O6: =SUM(V053_20[[#This Row],[MPAL]:[CALDERA]]) -> 0.19791667 | Q6: =(Q4-V053_20[[#This Row],[TOTAL ]])+V053_20[[#This Row],[FAENA]] -> 165.80208 | R6: 0 | S6: 0 | T6: 0 | U6: 0 | V6: 0 | W6: =SUM(V053_20[[#This Row],[MPAL2]:[GI]]) -> 0 | Y6: =(Y4-V053_20[[#This Row],[TOTAL]])+V053_20[[#This Row],[FAENA2]] -> 65.3 | AB6: =(AB4-V053_20[[#This Row],[CYLINDER MP]])+V053_20[[#This Row],[FAENA EN LTS]] -> 100 | AE6: =(AE4-V053_20[[#This Row],[CARTER MP.]])+V053_20[[#This Row],[FAENA EN LTS2]] -> 100 | AH6: =(AH4-V053_20[[#This Row],[MOT AUX]])+V053_20[[#This Row],[FAENA EN LTS]] -> 100 | AK6: =(AK4-V053_20[[#This Row],[HIDRAULICO]])+V053_20[[#This Row],[FAENA EN LTS3]] -> 100
A7: V053-20 | B7: 43852 | C7: 0.93333333 | D7: =IF(V053_20[[#This Row],[FECHA]]-B6=1,((V053_20[[#This Row],[HORA]]-C6)*24)+24,(V053_20[[#This Row],[HORA]]-C6)*24) -> 1.4 | E7: FONDEADO | F7: ANCLA ARRIBA CALLAO | I7: =IF(ISERROR(V053_20[[#This Row],[DISTANCIA POR CARTA]]/V053_20[[#This Row],[TIEMPO DE NAVEGACION]]),0,V053_20[[#This Row],[DISTANCIA POR CARTA]]/V053_20[[#This Row],[TIEMPO DE NAVEGACION]]) -> 0 | L7: 0 | M7: 0.14583333 | N7: 0.11666667 | O7: =SUM(V053_20[[#This Row],[MPAL]:[CALDERA]]) -> 0.2625 | Q7: =(Q6 -V053_20[[#This Row],[TOTAL ]])+V053_20[[#This Row],[FAENA]] -> 165.53958 | R7: 0 | S7: 0 | T7: 0 | U7: 0 | V7: 0 | W7: =SUM(V053_20[[#This Row],[MPAL2]:[GI]]) -> 0 | Y7: =(Y6-V053_20[[#This Row],[TOTAL]])+V053_20[[#This Row],[FAENA2]] -> 65.3 | AB7: =(AB6-V053_20[[#This Row],[CYLINDER MP]])+V053_20[[#This Row],[FAENA EN LTS]] -> 100 | AE7: =(AE6-V053_20[[#This Row],[CARTER MP.]])+V053_20[[#This Row],[FAENA EN LTS2]] -> 100 | AH7: =(AH6-V053_20[[#This Row],[MOT AUX]])+V053_20[[#This Row],[FAENA EN LTS]] -> 100 | AK7: =(AK6-V053_20[[#This Row],[HIDRAULICO]])+V053_20[[#This Row],[FAENA EN LTS3]] -> 100
A8: V053-20 | B8: 43853 | C8: 0.020833333 | D8: =IF(V053_20[[#This Row],[FECHA]]-B7=1,((V053_20[[#This Row],[HORA]]-C7)*24)+24,(V053_20[[#This Row],[HORA]]-C7)*24) -> 2.1 | E8: MANIOBRA | F8: TCM CALLAO | I8: =IF(ISERROR(V053_20[[#This Row],[DISTANCIA POR CARTA]]/V053_20[[#This Row],[TIEMPO DE NAVEGACION]]),0,V053_20[[#This Row],[DISTANCIA POR CARTA]]/V053_20[[#This Row],[TIEMPO DE NAVEGACION]]) -> 0 | L8: 0.4375 | M8: 0.21875 | N8: 0.175 | O8: =SUM(V053_20[[#This Row],[MPAL]:[CALDERA]]) -> 0.83125 | Q8: =(Q7 -V053_20[[#This Row],[TOTAL ]])+V053_20[[#This Row],[FAENA]] -> 164.70833 | R8: 0 | S8: 0 | T8: 0 | U8: 0 | V8: 0 | W8: =SUM(V053_20[[#This Row],[MPAL2]:[GI]]) -> 0 | Y8: =(Y7-V053_20[[#This Row],[TOTAL]])+V053_20[[#This Row],[FAENA2]] -> 65.3 | AB8: =(AB7-V053_20[[#This Row],[CYLINDER MP]])+V053_20[[#This Row],[FAENA EN LTS]] -> 100 | AE8: =(AE7-V053_20[[#This Row],[CARTER MP.]])+V053_20[[#This Row],[FAENA EN LTS2]] -> 100 | AH8: =(AH7-V053_20[[#This Row],[MOT AUX]])+V053_20[[#This Row],[FAENA EN LTS]] -> 100 | AK8: =(AK7-V053_20[[#This Row],[HIDRAULICO]])+V053_20[[#This Row],[FAENA EN LTS3]] -> 100
A9: V053-20 | B9: 43853 | C9: 0.2375 | D9: =IF(V053_20[[#This Row],[FECHA]]-B8=1,((V053_20[[#This Row],[HORA]]-C8)*24)+24,(V053_20[[#This Row],[HORA]]-C8)*24) -> 5.2 | E9: OTRAS ACT. | F9: INICIO CARGA CALLAO | I9: =IF(ISERROR(V053_20[[#This Row],[DISTANCIA POR CARTA]]/V053_20[[#This Row],[TIEMPO DE NAVEGACION]]),0,V053_20[[#This Row],[DISTANCIA POR CARTA]]/V053_20[[#This Row],[TIEMPO DE NAVEGACION]]) -> 0 | L9: 0 | M9: 0.54166667 | N9: 0.43333333 | O9: =SUM(V053_20[[#This Row],[MPAL]:[CALDERA]]) -> 0.975 | Q9: =(Q8 -V053_20[[#This Row],[TOTAL ]])+V053_20[[#This Row],[FAENA]] -> 163.73333 | R9: 0 | S9: 0 | T9: 0 | U9: 0 | V9: 0 | W9: =SUM(V053_20[[#This Row],[MPAL2]:[GI]]) -> 0 | Y9: =(Y8-V053_20[[#This Row],[TOTAL]])+V053_20[[#This Row],[FAENA2]] -> 65.3 | AB9: =(AB8-V053_20[[#This Row],[CYLINDER MP]])+V053_20[[#This Row],[FAENA EN LTS]] -> 100 | AE9: =(AE8-V053_20[[#This Row],[CARTER MP.]])+V053_20[[#This Row],[FAENA EN LTS2]] -> 100 | AH9: =(AH8-V053_20[[#This Row],[MOT AUX]])+V053_20[[#This Row],[FAENA EN LTS]] -> 100 | AK9: =(AK8-V053_20[[#This Row],[HIDRAULICO]])+V053_20[[#This Row],[FAENA EN LTS3]] -> 100
A10: V053-20 | B10: 43853 | C10: 0.33333333 | D10: =IF(V053_20[[#This Row],[FECHA]]-B9=1,((V053_20[[#This Row],[HORA]]-C9)*24)+24,(V053_20[[#This Row],[HORA]]-C9)*24) -> 2.3 | E10: CARGANDO | F10: CALLAO | I10: =IF(ISERROR(V053_20[[#This Row],[DISTANCIA POR CARTA]]/V053_20[[#This Row],[TIEMPO DE NAVEGACION]]),0,V053_20[[#This Row],[DISTANCIA POR CARTA]]/V053_20[[#This Row],[TIEMPO DE NAVEGACION]]) -> 0 | L10: 0 | M10: 0.23958333 | N10: 0.19166667 | O10: =SUM(V053_20[[#This Row],[MPAL]:[CALDERA]]) -> 0.43125 | Q10: =(Q9 -V053_20[[#This Row],[TOTAL ]])+V053_20[[#This Row],[FAENA]] -> 163.30208 | R10: 0 | S10: 0 | T10: 0 | U10: 0 | V10: 0 | W10: =SUM(V053_20[[#This Row],[MPAL2]:[GI]]) -> 0 | Y10: =(Y9-V053_20[[#This Row],[TOTAL]])+V053_20[[#This Row],[FAENA2]] -> 65.3 | AB10: =(AB9-V053_20[[#This Row],[CYLINDER MP]])+V053_20[[#This Row],[FAENA EN LTS]] -> 100 | AE10: =(AE9-V053_20[[#This Row],[CARTER MP.]])+V053_20[[#This Row],[FAENA EN LTS2]] -> 100 | AH10: =(AH9-V053_20[[#This Row],[MOT AUX]])+V053_20[[#This Row],[FAENA EN LTS]] -> 100 | AK10: =(AK9-V053_20[[#This Row],[HIDRAULICO]])+V053_20[[#This Row],[FAENA EN LTS3]] -> 100
A11: V053-20 | B11: 43854 | C11: 0.33333333 | D11: =IF(V053_20[[#This Row],[FECHA]]-B10=1,((V053_20[[#This Row],[HORA]]-C10)*24)+24,(V053_20[[#This Row],[HORA]]-C10)*24) -> 24 | E11: CARGANDO | F11: CALLAO | I11: =IF(ISERROR(V053_20[[#This Row],[DISTANCIA POR CARTA]]/V053_20[[#This Row],[TIEMPO DE NAVEGACION]]),0,V053_20[[#This Row],[DISTANCIA POR CARTA]]/V053_20[[#This Row],[TIEMPO DE NAVEGACION]]) -> 0 | L11: 0 | M11: 2.5 | N11: 2 | O11: =SUM(V053_20[[#This Row],[MPAL]:[CALDERA]]) -> 4.5 | Q11: =(Q10 -V053_20[[#This Row],[TOTAL ]])+V053_20[[#This Row],[FAENA]] -> 158.80208 | R11: 0 | S11: 0 | T11: 0 | U11: 0 | V11: 0 | W11: =SUM(V053_20[[#This Row],[MPAL2]:[GI]]) -> 0 | Y11: =(Y10-V053_20[[#This Row],[TOTAL]])+V053_20[[#This Row],[FAENA2]] -> 65.3 | AB11: =(AB10-V053_20[[#This Row],[CYLINDER MP]])+V053_20[[#This Row],[FAENA EN LTS]] -> 100 | AE11: =(AE10-V053_20[[#This Row],[CARTER MP.]])+V053_20[[#This Row],[FAENA EN LTS2]] -> 100 | AH11: =(AH10-V053_20[[#This Row],[MOT AUX]])+V053_20[[#This Row],[FAENA EN LTS]] -> 100 | AK11: =(AK10-V053_20[[#This Row],[HIDRAULICO]])+V053_20[[#This Row],[FAENA EN LTS3]] -> 100
A12: V053-20 | B12: 43854 | C12: 0.825 | D12: =IF(V053_20[[#This Row],[FECHA]]-B11=1,((V053_20[[#This Row],[HORA]]-C11)*24)+24,(V053_20[[#This Row],[HORA]]-C11)*24) -> 11.8 | E12: CARGANDO | F12: TERMINO CARGA CALLAO | I12: =IF(ISERROR(V053_20[[#This Row],[DISTANCIA POR CARTA]]/V053_20[[#This Row],[TIEMPO DE NAVEGACION]]),0,V053_20[[#This Row],[DISTANCIA POR CARTA]]/V053_20[[#This Row],[TIEMPO DE NAVEGACION]]) -> 0 | L12: 0 | M12: 1.2291667 | N12: 0.98333333 | O12: =SUM(V053_20[[#This Row],[MPAL]:[CALDERA]]) -> 2.2125 | Q12: =(Q11 -V053_20[[#This Row],[TOTAL ]])+V053_20[[#This Row],[FAENA]] -> 156.58958 | R12: 0 | S12: 0 | T12: 0 | U12: 0 | V12: 0 | W12: =SUM(V053_20[[#This Row],[MPAL2]:[GI]]) -> 0 | Y12: =(Y11-V053_20[[#This Row],[TOTAL]])+V053_20[[#This Row],[FAENA2]] -> 65.3 | AB12: =(AB11-V053_20[[#This Row],[CYLINDER MP]])+V053_20[[#This Row],[FAENA EN LTS]] -> 100 | AE12: =(AE11-V053_20[[#This Row],[CARTER MP.]])+V053_20[[#This Row],[FAENA EN LTS2]] -> 100 | AH12: =(AH11-V053_20[[#This Row],[MOT AUX]])+V053_20[[#This Row],[FAENA EN LTS]] -> 100 | AK12: =(AK11-V053_20[[#This Row],[HIDRAULICO]])+V053_20[[#This Row],[FAENA EN LTS3]] -> 100
A13: V053-20 | B13: 43855 | C13: 0.14166667 | D13: =IF(V053_20[[#This Row],[FECHA]]-B12=1,((V053_20[[#This Row],[HORA]]-C12)*24)+24,(V053_20[[#This Row],[HORA]]-C12)*24) -> 7.6 | E13: OTRAS ACT. | F13: ANCLA ARRIBA CALLAO | I13: =IF(ISERROR(V053_20[[#This Row],[DISTANCIA POR CARTA]]/V053_20[[#This Row],[TIEMPO DE NAVEGACION]]),0,V053_20[[#This Row],[DISTANCIA POR CARTA]]/V053_20[[#This Row],[TIEMPO DE NAVEGACION]]) -> 0 | L13: 0 | M13: 0.79166667 | N13: 0.63333333 | O13: =SUM(V053_20[[#This Row],[MPAL]:[CALDERA]]) -> 1.425 | Q13: =(Q12 -V053_20[[#This Row],[TOTAL ]])+V053_20[[#This Row],[FAENA]] -> 155.16458 | R13: 0 | S13: 0 | T13: 0 | U13: 0 | V13: 0 | W13: =SUM(V053_20[[#This Row],[MPAL2]:[GI]]) -> 0 | Y13: =(Y12-V053_20[[#This Row],[TOTAL]])+V053_20[[#This Row],[FAENA2]] -> 65.3 | AB13: =(AB12-V053_20[[#This Row],[CYLINDER MP]])+V053_20[[#This Row],[FAENA EN LTS]] -> 100 | AE13: =(AE12-V053_20[[#This Row],[CARTER MP.]])+V053_20[[#This Row],[FAENA EN LTS2]] -> 100 | AH13: =(AH12-V053_20[[#This Row],[MOT AUX]])+V053_20[[#This Row],[FAENA EN LTS]] -> 100 | AK13: =(AK12-V053_20[[#This Row],[HIDRAULICO]])+V053_20[[#This Row],[FAENA EN LTS3]] -> 100
A14: V053-20 | B14: 43855 | C14: 0.19166667 | D14: =IF(V053_20[[#This Row],[FECHA]]-B13=1,((V053_20[[#This Row],[HORA]]-C13)*24)+24,(V053_20[[#This Row],[HORA]]-C13)*24) -> 1.2 | E14: MANIOBRA | F14: TCM FONDEADO CALLAO | I14: =IF(ISERROR(V053_20[[#This Row],[DISTANCIA POR CARTA]]/V053_20[[#This Row],[TIEMPO DE NAVEGACION]]),0,V053_20[[#This Row],[DISTANCIA POR CARTA]]/V053_20[[#This Row],[TIEMPO DE NAVEGACION]]) -> 0 | L14: 0.25 | M14: 0.125 | N14: 0.1 | O14: =SUM(V053_20[[#This Row],[MPAL]:[CALDERA]]) -> 0.475 | Q14: =(Q13 -V053_20[[#This Row],[TOTAL ]])+V053_20[[#This Row],[FAENA]] -> 154.68958 | R14: 0 | S14: 0 | T14: 0 | U14: 0 | V14: 0 | W14: =SUM(V053_20[[#This Row],[MPAL2]:[GI]]) -> 0 | Y14: =(Y13-V053_20[[#This Row],[TOTAL]])+V053_20[[#This Row],[FAENA2]] -> 65.3 | AB14: =(AB13-V053_20[[#This Row],[CYLINDER MP]])+V053_20[[#This Row],[FAENA EN LTS]] -> 100 | AE14: =(AE13-V053_20[[#This Row],[CARTER MP.]])+V053_20[[#This Row],[FAENA EN LTS2]] -> 100 | AH14: =(AH13-V053_20[[#This Row],[MOT AUX]])+V053_20[[#This Row],[FAENA EN LTS]] -> 100 | AK14: =(AK13-V053_20[[#This Row],[HIDRAULICO]])+V053_20[[#This Row],[FAENA EN LTS3]] -> 100
A15: V053-20 | B15: 43855 | C15: 0.29166667 | D15: =IF(V053_20[[#This Row],[FECHA]]-B14=1,((V053_20[[#This Row],[HORA]]-C14)*24)+24,(V053_20[[#This Row],[HORA]]-C14)*24) -> 2.4 | E15: FONDEADO | F15: ANCLA ARRIBA CALLAO | I15: =IF(ISERROR(V053_20[[#This Row],[DISTANCIA POR CARTA]]/V053_20[[#This Row],[TIEMPO DE NAVEGACION]]),0,V053_20[[#This Row],[DISTANCIA POR CARTA]]/V053_20[[#This Row],[TIEMPO DE NAVEGACION]]) -> 0 | L15: 0 | M15: 0.25 | N15: 0.2 | O15: =SUM(V053_20[[#This Row],[MPAL]:[CALDERA]]) -> 0.45 | Q15: =(Q14 -V053_20[[#This Row],[TOTAL ]])+V053_20[[#This Row],[FAENA]] -> 154.23958 | R15: 0 | S15: 0 | T15: 0 | U15: 0 | V15: 0 | W15: =SUM(V053_20[[#This Row],[MPAL2]:[GI]]) -> 0 | Y15: =(Y14-V053_20[[#This Row],[TOTAL]])+V053_20[[#This Row],[FAENA2]] -> 65.3 | AB15: =(AB14-V053_20[[#This Row],[CYLINDER MP]])+V053_20[[#This Row],[FAENA EN LTS]] -> 100 | AE15: =(AE14-V053_20[[#This Row],[CARTER MP.]])+V053_20[[#This Row],[FAENA EN LTS2]] -> 100 | AH15: =(AH14-V053_20[[#This Row],[MOT AUX]])+V053_20[[#This Row],[FAENA EN LTS]] -> 100 | AK15: =(AK14-V053_20[[#This Row],[HIDRAULICO]])+V053_20[[#This Row],[FAENA EN LTS3]] -> 100
A16: V053-20 | B16: 43855 | C16: 0.3 | D16: =IF(V053_20[[#This Row],[FECHA]]-B15=1,((V053_20[[#This Row],[HORA]]-C15)*24)+24,(V053_20[[#This Row],[HORA]]-C15)*24) -> 0.2 | E16: MANIOBRA | F16: INICIO VIAJE SUPE | I16: =IF(ISERROR(V053_20[[#This Row],[DISTANCIA POR CARTA]]/V053_20[[#This Row],[TIEMPO DE NAVEGACION]]),0,V053_20[[#This Row],[DISTANCIA POR CARTA]]/V053_20[[#This Row],[TIEMPO DE NAVEGACION]]) -> 0 | L16: 0.083333333 | M16: 0.020833333 | N16: 0.016666667 | O16: =SUM(V053_20[[#This Row],[MPAL]:[CALDERA]]) -> 0.12083333 | Q16: =(Q15 -V053_20[[#This Row],[TOTAL ]])+V053_20[[#This Row],[FAENA]] -> 154.11875 | R16: 0 | S16: 0 | T16: 0 | U16: 0 | V16: 0 | W16: =SUM(V053_20[[#This Row],[MPAL2]:[GI]]) -> 0 | Y16: =(Y15-V053_20[[#This Row],[TOTAL]])+V053_20[[#This Row],[FAENA2]] -> 65.3 | AB16: =(AB15-V053_20[[#This Row],[CYLINDER MP]])+V053_20[[#This Row],[FAENA EN LTS]] -> 100 | AE16: =(AE15-V053_20[[#This Row],[CARTER MP.]])+V053_20[[#This Row],[FAENA EN LTS2]] -> 100 | AH16: =(AH15-V053_20[[#This Row],[MOT AUX]])+V053_20[[#This Row],[FAENA EN LTS]] -> 100 | AK16: =(AK15-V053_20[[#This Row],[HIDRAULICO]])+V053_20[[#This Row],[FAENA EN LTS3]] -> 100
A17: V053-20 | B17: 43855 | C17: 0.33333333 | D17: =IF(V053_20[[#This Row],[FECHA]]-B16=1,((V053_20[[#This Row],[HORA]]-C16)*24)+24,(V053_20[[#This Row],[HORA]]-C16)*24) -> 0.8 | E17: NAVEGANDO CON CARGA | F17: SUPE | I17: =IF(ISERROR(V053_20[[#This Row],[DISTANCIA POR CARTA]]/V053_20[[#This Row],[TIEMPO DE NAVEGACION]]),0,V053_20[[#This Row],[DISTANCIA POR CARTA]]/V053_20[[#This Row],[TIEMPO DE NAVEGACION]]) -> 0 | J17: S2 | K17: 95 | L17: 0.73333333 | M17: 0.083333333 | N17: 0 | O17: =SUM(V053_20[[#This Row],[MPAL]:[CALDERA]]) -> 0.81666667 | Q17: =(Q16 -V053_20[[#This Row],[TOTAL ]])+V053_20[[#This Row],[FAENA]] -> 153.30208 | R17: 0 | S17: 0 | T17: 0 | U17: 0 | V17: 0 | W17: =SUM(V053_20[[#This Row],[MPAL2]:[GI]]) -> 0 | Y17: =(Y16-V053_20[[#This Row],[TOTAL]])+V053_20[[#This Row],[FAENA2]] -> 65.3 | AB17: =(AB16-V053_20[[#This Row],[CYLINDER MP]])+V053_20[[#This Row],[FAENA EN LTS]] -> 100 | AE17: =(AE16-V053_20[[#This Row],[CARTER MP.]])+V053_20[[#This Row],[FAENA EN LTS2]] -> 100 | AH17: =(AH16-V053_20[[#This Row],[MOT AUX]])+V053_20[[#This Row],[FAENA EN LTS]] -> 100 | AK17: =(AK16-V053_20[[#This Row],[HIDRAULICO]])+V053_20[[#This Row],[FAENA EN LTS3]] -> 100
A18: V053-20 | B18: 43855 | C18: 0.6375 | D18: =IF(V053_20[[#This Row],[FECHA]]-B17=1,((V053_20[[#This Row],[HORA]]-C17)*24)+24,(V053_20[[#This Row],[HORA]]-C17)*24) -> 7.3 | E18: NAVEGANDO CON CARGA | F18: ARRIBO SUPE | G18: 91 | H18: 8.1 | I18: =IF(ISERROR(V053_20[[#This Row],[DISTANCIA POR CARTA]]/V053_20[[#This Row],[TIEMPO DE NAVEGACION]]),0,V053_20[[#This Row],[DISTANCIA POR CARTA]]/V053_20[[#This Row],[TIEMPO DE NAVEGACION]]) -> 11.234568 | J18: S 2 | K18: 95 | L18: 6.6916667 | M18: 0.76041667 | N18: 0 | O18: =SUM(V053_20[[#This Row],[MPAL]:[CALDERA]]) -> 7.4520833 | Q18: =(Q17 -V053_20[[#This Row],[TOTAL ]])+V053_20[[#This Row],[FAENA]] -> 145.85 | R18: 0 | S18: 0 | T18: 0 | U18: 0 | V18: 0 | W18: =SUM(V053_20[[#This Row],[MPAL2]:[GI]]) -> 0 | Y18: =(Y17-V053_20[[#This Row],[TOTAL]])+V053_20[[#This Row],[FAENA2]] -> 65.3 | AB18: =(AB17-V053_20[[#This Row],[CYLINDER MP]])+V053_20[[#This Row],[FAENA EN LTS]] -> 100 | AE18: =(AE17-V053_20[[#This Row],[CARTER MP.]])+V053_20[[#This Row],[FAENA EN LTS2]] -> 100 | AH18: =(AH17-V053_20[[#This Row],[MOT AUX]])+V053_20[[#This Row],[FAENA EN LTS]] -> 100 | AK18: =(AK17-V053_20[[#This Row],[HIDRAULICO]])+V053_20[[#This Row],[FAENA EN LTS3]] -> 100
A19: V053-20 | B19: 43855 | C19: 0.7125 | D19: =IF(V053_20[[#This Row],[FECHA]]-B18=1,((V053_20[[#This Row],[HORA]]-C18)*24)+24,(V053_20[[#This Row],[HORA]]-C18)*24) -> 1.8 | E19: MANIOBRA | F19: TCM SUPE | I19: =IF(ISERROR(V053_20[[#This Row],[DISTANCIA POR CARTA]]/V053_20[[#This Row],[TIEMPO DE NAVEGACION]]),0,V053_20[[#This Row],[DISTANCIA POR CARTA]]/V053_20[[#This Row],[TIEMPO DE NAVEGACION]]) -> 0 | L19: 0.225 | M19: 0.1875 | N19: 0.15 | O19: =SUM(V053_20[[#This Row],[MPAL]:[CALDERA]]) -> 0.5625 | Q19: =(Q18 -V053_20[[#This Row],[TOTAL ]])+V053_20[[#This Row],[FAENA]] -> 145.2875 | R19: 0 | S19: 0 | T19: 0 | U19: 0 | V19: 0 | W19: =SUM(V053_20[[#This Row],[MPAL2]:[GI]]) -> 0 | Y19: =(Y18-V053_20[[#This Row],[TOTAL]])+V053_20[[#This Row],[FAENA2]] -> 65.3 | AB19: =(AB18-V053_20[[#This Row],[CYLINDER MP]])+V053_20[[#This Row],[FAENA EN LTS]] -> 100 | AE19: =(AE18-V053_20[[#This Row],[CARTER MP.]])+V053_20[[#This Row],[FAENA EN LTS2]] -> 100 | AH19: =(AH18-V053_20[[#This Row],[MOT AUX]])+V053_20[[#This Row],[FAENA EN LTS]] -> 100 | AK19: =(AK18-V053_20[[#This Row],[HIDRAULICO]])+V053_20[[#This Row],[FAENA EN LTS3]] -> 100
A20: V053-20 | B20: 43855 | C20: 0.85416667 | D20: =IF(V053_20[[#This Row],[FECHA]]-B19=1,((V053_20[[#This Row],[HORA]]-C19)*24)+24,(V053_20[[#This Row],[HORA]]-C19)*24) -> 3.4 | E20: OTRAS ACT. | F20: INICIA DESCARGA SUPE | I20: =IF(ISERROR(V053_20[[#This Row],[DISTANCIA POR CARTA]]/V053_20[[#This Row],[TIEMPO DE NAVEGACION]]),0,V053_20[[#This Row],[DISTANCIA POR CARTA]]/V053_20[[#This Row],[TIEMPO DE NAVEGACION]]) -> 0 | L20: 0 | M20: 0.35416667 | N20: 0.28333333 | O20: =SUM(V053_20[[#This Row],[MPAL]:[CALDERA]]) -> 0.6375 | Q20: =(Q19 -V053_20[[#This Row],[TOTAL ]])+V053_20[[#This Row],[FAENA]] -> 144.65 | R20: 0 | S20: 0 | T20: 0 | U20: 0 | V20: 0 | W20: =SUM(V053_20[[#This Row],[MPAL2]:[GI]]) -> 0 | Y20: =(Y19-V053_20[[#This Row],[TOTAL]])+V053_20[[#This Row],[FAENA2]] -> 65.3 | AB20: =(AB19-V053_20[[#This Row],[CYLINDER MP]])+V053_20[[#This Row],[FAENA EN LTS]] -> 100 | AE20: =(AE19-V053_20[[#This Row],[CARTER MP.]])+V053_20[[#This Row],[FAENA EN LTS2]] -> 100 | AH20: =(AH19-V053_20[[#This Row],[MOT AUX]])+V053_20[[#This Row],[FAENA EN LTS]] -> 100 | AK20: =(AK19-V053_20[[#This Row],[HIDRAULICO]])+V053_20[[#This Row],[FAENA EN LTS3]] -> 100
A21: V053-20 | B21: 43856 | C21: 0.33333333 | D21: =IF(V053_20[[#This Row],[FECHA]]-B20=1,((V053_20[[#This Row],[HORA]]-C20)*24)+24,(V053_20[[#This Row],[HORA]]-C20)*24) -> 11.5 | E21: DESCARGANDO | F21: SUPE | I21: =IF(ISERROR(V053_20[[#This Row],[DISTANCIA POR CARTA]]/V053_20[[#This Row],[TIEMPO DE NAVEGACION]]),0,V053_20[[#This Row],[DISTANCIA POR CARTA]]/V053_20[[#This Row],[TIEMPO DE NAVEGACION]]) -> 0 | L21: 0 | M21: 1.1979167 | N21: 0.95833333 | O21: =SUM(V053_20[[#This Row],[MPAL]:[CALDERA]]) -> 2.15625 | Q21: =(Q20 -V053_20[[#This Row],[TOTAL ]])+V053_20[[#This Row],[FAENA]] -> 142.49375 | R21: 0 | S21: 0 | T21: 0 | U21: 0 | V21: 0 | W21: =SUM(V053_20[[#This Row],[MPAL2]:[GI]]) -> 0 | Y21: =(Y20-V053_20[[#This Row],[TOTAL]])+V053_20[[#This Row],[FAENA2]] -> 65.3 | AB21: =(AB20-V053_20[[#This Row],[CYLINDER MP]])+V053_20[[#This Row],[FAENA EN LTS]] -> 100 | AE21: =(AE20-V053_20[[#This Row],[CARTER MP.]])+V053_20[[#This Row],[FAENA EN LTS2]] -> 100 | AH21: =(AH20-V053_20[[#This Row],[MOT AUX]])+V053_20[[#This Row],[FAENA EN LTS]] -> 100 | AK21: =(AK20-V053_20[[#This Row],[HIDRAULICO]])+V053_20[[#This Row],[FAENA EN LTS3]] -> 100
A22: V053-20 | B22: 43857 | C22: 0.33333333 | D22: =IF(V053_20[[#This Row],[FECHA]]-B21=1,((V053_20[[#This Row],[HORA]]-C21)*24)+24,(V053_20[[#This Row],[HORA]]-C21)*24) -> 24 | E22: DESCARGANDO | F22: SUPE | I22: =IF(ISERROR(V053_20[[#This Row],[DISTANCIA POR CARTA]]/V053_20[[#This Row],[TIEMPO DE NAVEGACION]]),0,V053_20[[#This Row],[DISTANCIA POR CARTA]]/V053_20[[#This Row],[TIEMPO DE NAVEGACION]]) -> 0 | L22: 0 | M22: 2.5 | N22: 2 | O22: =SUM(V053_20[[#This Row],[MPAL]:[CALDERA]]) -> 4.5 | Q22: =(Q21 -V053_20[[#This Row],[TOTAL ]])+V053_20[[#This Row],[FAENA]] -> 137.99375 | R22: 0 | S22: 0 | T22: 0 | U22: 0 | V22: 0 | W22: =SUM(V053_20[[#This Row],[MPAL2]:[GI]]) -> 0 | Y22: =(Y21-V053_20[[#This Row],[TOTAL]])+V053_20[[#This Row],[FAENA2]] -> 65.3 | AB22: =(AB21-V053_20[[#This Row],[CYLINDER MP]])+V053_20[[#This Row],[FAENA EN LTS]] -> 100 | AE22: =(AE21-V053_20[[#This Row],[CARTER MP.]])+V053_20[[#This Row],[FAENA EN LTS2]] -> 100 | AH22: =(AH21-V053_20[[#This Row],[MOT AUX]])+V053_20[[#This Row],[FAENA EN LTS]] -> 100 | AK22: =(AK21-V053_20[[#This Row],[HIDRAULICO]])+V053_20[[#This Row],[FAENA EN LTS3]] -> 100
A23: V053-20 | B23: 43857 | C23: 0.97916667 | D23: =IF(V053_20[[#This Row],[FECHA]]-B22=1,((V053_20[[#This Row],[HORA]]-C22)*24)+24,(V053_20[[#This Row],[HORA]]-C22)*24) -> 15.5 | E23: DESCARGANDO | F23: TERMINO DESCARGA SUPE | I23: =IF(ISERROR(V053_20[[#This Row],[DISTANCIA POR CARTA]]/V053_20[[#This Row],[TIEMPO DE NAVEGACION]]),0,V053_20[[#This Row],[DISTANCIA POR CARTA]]/V053_20[[#This Row],[TIEMPO DE NAVEGACION]]) -> 0 | L23: 0 | M23: 1.6145833 | N23: 1.2916667 | O23: =SUM(V053_20[[#This Row],[MPAL]:[CALDERA]]) -> 2.90625 | Q23: =(Q22 -V053_20[[#This Row],[TOTAL ]])+V053_20[[#This Row],[FAENA]] -> 135.0875 | R23: 0 | S23: 0 | T23: 0 | U23: 0 | V23: 1.9 | W23: =SUM(V053_20[[#This Row],[MPAL2]:[GI]]) -> 1.9 | Y23: =(Y22-V053_20[[#This Row],[TOTAL]])+V053_20[[#This Row],[FAENA2]] -> 63.4 | AB23: =(AB22-V053_20[[#This Row],[CYLINDER MP]])+V053_20[[#This Row],[FAENA EN LTS]] -> 100 | AE23: =(AE22-V053_20[[#This Row],[CARTER MP.]])+V053_20[[#This Row],[FAENA EN LTS2]] -> 100 | AH23: =(AH22-V053_20[[#This Row],[MOT AUX]])+V053_20[[#This Row],[FAENA EN LTS]] -> 100 | AK23: =(AK22-V053_20[[#This Row],[HIDRAULICO]])+V053_20[[#This Row],[FAENA EN LTS3]] -> 100
A24: V053-20 | B24: 43858 | C24: 0.1125 | D24: =IF(V053_20[[#This Row],[FECHA]]-B23=1,((V053_20[[#This Row],[HORA]]-C23)*24)+24,(V053_20[[#This Row],[HORA]]-C23)*24) -> 3.2 | E24: OTRAS ACT. | F24: ANCLA ARRIBA SUPE | I24: =IF(ISERROR(V053_20[[#This Row],[DISTANCIA POR CARTA]]/V053_20[[#This Row],[TIEMPO DE NAVEGACION]]),0,V053_20[[#This Row],[DISTANCIA POR CARTA]]/V053_20[[#This Row],[TIEMPO DE NAVEGACION]]) -> 0 | L24: 0 | M24: 0.33333333 | N24: 0.26666667 | O24: =SUM(V053_20[[#This Row],[MPAL]:[CALDERA]]) -> 0.6 | Q24: =(Q23 -V053_20[[#This Row],[TOTAL ]])+V053_20[[#This Row],[FAENA]] -> 134.4875 | R24: 0 | S24: 0 | T24: 0 | U24: 0 | V24: 0 | W24: =SUM(V053_20[[#This Row],[MPAL2]:[GI]]) -> 0 | Y24: =(Y23-V053_20[[#This Row],[TOTAL]])+V053_20[[#This Row],[FAENA2]] -> 63.4 | AB24: =(AB23-V053_20[[#This Row],[CYLINDER MP]])+V053_20[[#This Row],[FAENA EN LTS]] -> 100 | AE24: =(AE23-V053_20[[#This Row],[CARTER MP.]])+V053_20[[#This Row],[FAENA EN LTS2]] -> 100 | AH24: =(AH23-V053_20[[#This Row],[MOT AUX]])+V053_20[[#This Row],[FAENA EN LTS]] -> 100 | AK24: =(AK23-V053_20[[#This Row],[HIDRAULICO]])+V053_20[[#This Row],[FAENA EN LTS3]] -> 100
A25: V053-20 | B25: 43858 | C25: 0.1375 | D25: =IF(V053_20[[#This Row],[FECHA]]-B24=1,((V053_20[[#This Row],[HORA]]-C24)*24)+24,(V053_20[[#This Row],[HORA]]-C24)*24) -> 0.6 | E25: MANIOBRA | F25: INICIO VIAJE ETEN | I25: =IF(ISERROR(V053_20[[#This Row],[DISTANCIA POR CARTA]]/V053_20[[#This Row],[TIEMPO DE NAVEGACION]]),0,V053_20[[#This Row],[DISTANCIA POR CARTA]]/V053_20[[#This Row],[TIEMPO DE NAVEGACION]]) -> 0 | L25: 0.025 | M25: 0.0625 | N25: 0.05 | O25: =SUM(V053_20[[#This Row],[MPAL]:[CALDERA]]) -> 0.1375 | Q25: =(Q24 -V053_20[[#This Row],[TOTAL ]])+V053_20[[#This Row],[FAENA]] -> 134.35 | R25: 0 | S25: 0 | T25: 0 | U25: 0 | V25: 0 | W25: =SUM(V053_20[[#This Row],[MPAL2]:[GI]]) -> 0 | Y25: =(Y24-V053_20[[#This Row],[TOTAL]])+V053_20[[#This Row],[FAENA2]] -> 63.4 | AB25: =(AB24-V053_20[[#This Row],[CYLINDER MP]])+V053_20[[#This Row],[FAENA EN LTS]] -> 100 | AE25: =(AE24-V053_20[[#This Row],[CARTER MP.]])+V053_20[[#This Row],[FAENA EN LTS2]] -> 100 | AH25: =(AH24-V053_20[[#This Row],[MOT AUX]])+V053_20[[#This Row],[FAENA EN LTS]] -> 100 | AK25: =(AK24-V053_20[[#This Row],[HIDRAULICO]])+V053_20[[#This Row],[FAENA EN LTS3]] -> 100
A26: V053-20 | B26: 43858 | C26: 0.33333333 | D26: =IF(V053_20[[#This Row],[FECHA]]-B25=1,((V053_20[[#This Row],[HORA]]-C25)*24)+24,(V053_20[[#This Row],[HORA]]-C25)*24) -> 4.7 | E26: NAVEGANDO CON CARGA | F26: ETEN | I26: =IF(ISERROR(V053_20[[#This Row],[DISTANCIA POR CARTA]]/V053_20[[#This Row],[TIEMPO DE NAVEGACION]]),0,V053_20[[#This Row],[DISTANCIA POR CARTA]]/V053_20[[#This Row],[TIEMPO DE NAVEGACION]]) -> 0 | J26: S2 | K26: 95 | L26: 3.9166667 | M26: 0.48958333 | N26: 0 | O26: =SUM(V053_20[[#This Row],[MPAL]:[CALDERA]]) -> 4.40625 | Q26: =(Q25 -V053_20[[#This Row],[TOTAL ]])+V053_20[[#This Row],[FAENA]] -> 129.94375 | R26: 0 | S26: 0 | T26: 0 | U26: 0 | V26: 0 | W26: =SUM(V053_20[[#This Row],[MPAL2]:[GI]]) -> 0 | Y26: =(Y25-V053_20[[#This Row],[TOTAL]])+V053_20[[#This Row],[FAENA2]] -> 63.4 | AB26: =(AB25-V053_20[[#This Row],[CYLINDER MP]])+V053_20[[#This Row],[FAENA EN LTS]] -> 100 | AE26: =(AE25-V053_20[[#This Row],[CARTER MP.]])+V053_20[[#This Row],[FAENA EN LTS2]] -> 100 | AH26: =(AH25-V053_20[[#This Row],[MOT AUX]])+V053_20[[#This Row],[FAENA EN LTS]] -> 100 | AK26: =(AK25-V053_20[[#This Row],[HIDRAULICO]])+V053_20[[#This Row],[FAENA EN LTS3]] -> 100
A27: V053-20 | B27: 43859 | C27: 0.14583333 | D27: =IF(V053_20[[#This Row],[FECHA]]-B26=1,((V053_20[[#This Row],[HORA]]-C26)*24)+24,(V053_20[[#This Row],[HORA]]-C26)*24) -> 19.5 | E27: NAVEGANDO CON CARGA | F27: ARRIBO ETEN | G27: 266 | H27: 24.2 | I27: =IF(ISERROR(V053_20[[#This Row],[DISTANCIA POR CARTA]]/V053_20[[#This Row],[TIEMPO DE NAVEGACION]]),0,V053_20[[#This Row],[DISTANCIA POR CARTA]]/V053_20[[#This Row],[TIEMPO DE NAVEGACION]]) -> 10.991736 | J27: S 2 | K27: 95 | L27: 16.25 | M27: 2.03125 | N27: 0 | O27: =SUM(V053_20[[#This Row],[MPAL]:[CALDERA]]) -> 18.28125 | Q27: =(Q26 -V053_20[[#This Row],[TOTAL ]])+V053_20[[#This Row],[FAENA]] -> 111.6625 | R27: 0 | S27: 0 | T27: 0 | U27: 0 | V27: 0 | W27: =SUM(V053_20[[#This Row],[MPAL2]:[GI]]) -> 0 | Y27: =(Y26-V053_20[[#This Row],[TOTAL]])+V053_20[[#This Row],[FAENA2]] -> 63.4 | AB27: =(AB26-V053_20[[#This Row],[CYLINDER MP]])+V053_20[[#This Row],[FAENA EN LTS]] -> 100 | AE27: =(AE26-V053_20[[#This Row],[CARTER MP.]])+V053_20[[#This Row],[FAENA EN LTS2]] -> 100 | AH27: =(AH26-V053_20[[#This Row],[MOT AUX]])+V053_20[[#This Row],[FAENA EN LTS]] -> 100 | AK27: =(AK26-V053_20[[#This Row],[HIDRAULICO]])+V053_20[[#This Row],[FAENA EN LTS3]] -> 100
A28: V053-20 | B28: 43859 | C28: 0.16666667 | D28: =IF(V053_20[[#This Row],[FECHA]]-B27=1,((V053_20[[#This Row],[HORA]]-C27)*24)+24,(V053_20[[#This Row],[HORA]]-C27)*24) -> 0.5 | E28: MANIOBRA | F28: TCM ETEN FONDO | I28: =IF(ISERROR(V053_20[[#This Row],[DISTANCIA POR CARTA]]/V053_20[[#This Row],[TIEMPO DE NAVEGACION]]),0,V053_20[[#This Row],[DISTANCIA POR CARTA]]/V053_20[[#This Row],[TIEMPO DE NAVEGACION]]) -> 0 | L28: 0.020833333 | M28: 0.052083333 | N28: 0.041666667 | O28: =SUM(V053_20[[#This Row],[MPAL]:[CALDERA]]) -> 0.11458333 | Q28: =(Q27 -V053_20[[#This Row],[TOTAL ]])+V053_20[[#This Row],[FAENA]] -> 111.54792 | R28: 0 | S28: 0 | T28: 0 | U28: 0 | V28: 0 | W28: =SUM(V053_20[[#This Row],[MPAL2]:[GI]]) -> 0 | Y28: =(Y27-V053_20[[#This Row],[TOTAL]])+V053_20[[#This Row],[FAENA2]] -> 63.4 | AB28: =(AB27-V053_20[[#This Row],[CYLINDER MP]])+V053_20[[#This Row],[FAENA EN LTS]] -> 100 | AE28: =(AE27-V053_20[[#This Row],[CARTER MP.]])+V053_20[[#This Row],[FAENA EN LTS2]] -> 100 | AH28: =(AH27-V053_20[[#This Row],[MOT AUX]])+V053_20[[#This Row],[FAENA EN LTS]] -> 100 | AK28: =(AK27-V053_20[[#This Row],[HIDRAULICO]])+V053_20[[#This Row],[FAENA EN LTS3]] -> 100
A29: V053-20 | B29: 43859 | C29: 0.33333333 | D29: =IF(V053_20[[#This Row],[FECHA]]-B28=1,((V053_20[[#This Row],[HORA]]-C28)*24)+24,(V053_20[[#This Row],[HORA]]-C28)*24) -> 4 | E29: FONDEADO | F29: ETEN | I29: =IF(ISERROR(V053_20[[#This Row],[DISTANCIA POR CARTA]]/V053_20[[#This Row],[TIEMPO DE NAVEGACION]]),0,V053_20[[#This Row],[DISTANCIA POR CARTA]]/V053_20[[#This Row],[TIEMPO DE NAVEGACION]]) -> 0 | L29: 0 | M29: 0.41666667 | N29: 0.33333333 | O29: =SUM(V053_20[[#This Row],[MPAL]:[CALDERA]]) -> 0.75 | Q29: =(Q28 -V053_20[[#This Row],[TOTAL ]])+V053_20[[#This Row],[FAENA]] -> 110.79792 | R29: 0 | S29: 0 | T29: 0 | U29: 0 | V29: 0 | W29: =SUM(V053_20[[#This Row],[MPAL2]:[GI]]) -> 0 | Y29: =(Y28-V053_20[[#This Row],[TOTAL]])+V053_20[[#This Row],[FAENA2]] -> 63.4 | AB29: =(AB28-V053_20[[#This Row],[CYLINDER MP]])+V053_20[[#This Row],[FAENA EN LTS]] -> 100 | AE29: =(AE28-V053_20[[#This Row],[CARTER MP.]])+V053_20[[#This Row],[FAENA EN LTS2]] -> 100 | AH29: =(AH28-V053_20[[#This Row],[MOT AUX]])+V053_20[[#This Row],[FAENA EN LTS]] -> 100 | AK29: =(AK28-V053_20[[#This Row],[HIDRAULICO]])+V053_20[[#This Row],[FAENA EN LTS3]] -> 100
A30: V053-20 | B30: 43860 | C30: 0.33333333 | D30: =IF(V053_20[[#This Row],[FECHA]]-B29=1,((V053_20[[#This Row],[HORA]]-C29)*24)+24,(V053_20[[#This Row],[HORA]]-C29)*24) -> 24 | E30: FONDEADO | F30: ETEN | I30: =IF(ISERROR(V053_20[[#This Row],[DISTANCIA POR CARTA]]/V053_20[[#This Row],[TIEMPO DE NAVEGACION]]),0,V053_20[[#This Row],[DISTANCIA POR CARTA]]/V053_20[[#This Row],[TIEMPO DE NAVEGACION]]) -> 0 | L30: 0 | M30: 2.5 | N30: 2 | O30: =SUM(V053_20[[#This Row],[MPAL]:[CALDERA]]) -> 4.5 | Q30: =(Q29 -V053_20[[#This Row],[TOTAL ]])+V053_20[[#This Row],[FAENA]] -> 106.29792 | R30: 0 | S30: 0 | T30: 0 | U30: 0 | V30: 0 | W30: =SUM(V053_20[[#This Row],[MPAL2]:[GI]]) -> 0 | Y30: =(Y29-V053_20[[#This Row],[TOTAL]])+V053_20[[#This Row],[FAENA2]] -> 63.4 | AB30: =(AB29-V053_20[[#This Row],[CYLINDER MP]])+V053_20[[#This Row],[FAENA EN LTS]] -> 100 | AE30: =(AE29-V053_20[[#This Row],[CARTER MP.]])+V053_20[[#This Row],[FAENA EN LTS2]] -> 100 | AH30: =(AH29-V053_20[[#This Row],[MOT AUX]])+V053_20[[#This Row],[FAENA EN LTS]] -> 100 | AK30: =(AK29-V053_20[[#This Row],[HIDRAULICO]])+V053_20[[#This Row],[FAENA EN LTS3]] -> 100
A31: V053-20 | B31: 43861 | C31: 0.33333333 | D31: =IF(V053_20[[#This Row],[FECHA]]-B30=1,((V053_20[[#This Row],[HORA]]-C30)*24)+24,(V053_20[[#This Row],[HORA]]-C30)*24) -> 24 | E31: FONDEADO | F31: ETEN | I31: =IF(ISERROR(V053_20[[#This Row],[DISTANCIA POR CARTA]]/V053_20[[#This Row],[TIEMPO DE NAVEGACION]]),0,V053_20[[#This Row],[DISTANCIA POR CARTA]]/V053_20[[#This Row],[TIEMPO DE NAVEGACION]]) -> 0 | L31: 0 | M31: 2.5 | N31: 2 | O31: =SUM(V053_20[[#This Row],[MPAL]:[CALDERA]]) -> 4.5 | Q31: =(Q30 -V053_20[[#This Row],[TOTAL ]])+V053_20[[#This Row],[FAENA]] -> 101.79792 | R31: 0 | S31: 0 | T31: 0 | U31: 0 | V31: 0 | W31: =SUM(V053_20[[#This Row],[MPAL2]:[GI]]) -> 0 | Y31: =(Y30-V053_20[[#This Row],[TOTAL]])+V053_20[[#This Row],[FAENA2]] -> 63.4 | AB31: =(AB30-V053_20[[#This Row],[CYLINDER MP]])+V053_20[[#This Row],[FAENA EN LTS]] -> 100 | AE31: =(AE30-V053_20[[#This Row],[CARTER MP.]])+V053_20[[#This Row],[FAENA EN LTS2]] -> 100 | AH31: =(AH30-V053_20[[#This Row],[MOT AUX]])+V053_20[[#This Row],[FAENA EN LTS]] -> 100 | AK31: =(AK30-V053_20[[#This Row],[HIDRAULICO]])+V053_20[[#This Row],[FAENA EN LTS3]] -> 100
A32: V053-20 | B32: 43862 | C32: 0 | D32: =IF(V053_20[[#This Row],[FECHA]]-B31=1,((V053_20[[#This Row],[HORA]]-C31)*24)+24,(V053_20[[#This Row],[HORA]]-C31)*24) -> 16 | E32: FONDEADO | F32: ETEN | I32: =IF(ISERROR(V053_20[[#This Row],[DISTANCIA POR CARTA]]/V053_20[[#This Row],[TIEMPO DE NAVEGACION]]),0,V053_20[[#This Row],[DISTANCIA POR CARTA]]/V053_20[[#This Row],[TIEMPO DE NAVEGACION]]) -> 0 | L32: 0 | M32: 1.25 | N32: 1 | O32: =SUM(V053_20[[#This Row],[MPAL]:[CALDERA]]) -> 2.25 | Q32: =(Q31 -V053_20[[#This Row],[TOTAL ]])+V053_20[[#This Row],[FAENA]] -> 99.547917 | R32: 0 | S32: 0 | T32: 0 | U32: 0 | V32: 0 | W32: =SUM(V053_20[[#This Row],[MPAL2]:[GI]]) -> 0 | Y32: =(Y31-V053_20[[#This Row],[TOTAL]])+V053_20[[#This Row],[FAENA2]] -> 63.4 | AB32: =(AB31-V053_20[[#This Row],[CYLINDER MP]])+V053_20[[#This Row],[FAENA EN LTS]] -> 100 | AE32: =(AE31-V053_20[[#This Row],[CARTER MP.]])+V053_20[[#This Row],[FAENA EN LTS2]] -> 100 | AH32: =(AH31-V053_20[[#This Row],[MOT AUX]])+V053_20[[#This Row],[FAENA EN LTS]] -> 100 | AK32: =(AK31-V053_20[[#This Row],[HIDRAULICO]])+V053_20[[#This Row],[FAENA EN LTS3]] -> 100
A33: V053-20 | B33: 43862 | C33: 0 | D33: =IF(V053_20[[#This Row],[FECHA]]-B32=1,((V053_20[[#This Row],[HORA]]-C32)*24)+24,(V053_20[[#This Row],[HORA]]-C32)*24) -> 0 | E33: FONDEADO | F33: FONDEADO | I33: =IF(ISERROR(V053_20[[#This Row],[DISTANCIA POR CARTA]]/V053_20[[#This Row],[TIEMPO DE NAVEGACION]]),0,V053_20[[#This Row],[DISTANCIA POR CARTA]]/V053_20[[#This Row],[TIEMPO DE NAVEGACION]]) -> 0 | L33: 0 | M33: 0 | N33: 0 | O33: =SUM(V053_20[[#This Row],[MPAL]:[CALDERA]]) -> 0 | Q33: =(Q32 -V053_20[[#This Row],[TOTAL ]])+V053_20[[#This Row],[FAENA]] -> 99.547917 | R33: 0 | S33: 0 | T33: 0 | U33: 0 | V33: 0 | W33: =SUM(V053_20[[#This Row],[MPAL2]:[GI]]) -> 0 | Y33: =(Y32-V053_20[[#This Row],[TOTAL]])+V053_20[[#This Row],[FAENA2]] -> 63.4 | AB33: =(AB32-V053_20[[#This Row],[CYLINDER MP]])+V053_20[[#This Row],[FAENA EN LTS]] -> 100 | AE33: =(AE32-V053_20[[#This Row],[CARTER MP.]])+V053_20[[#This Row],[FAENA EN LTS2]] -> 100 | AH33: =(AH32-V053_20[[#This Row],[MOT AUX]])+V053_20[[#This Row],[FAENA EN LTS]] -> 100 | AK33: =(AK32-V053_20[[#This Row],[HIDRAULICO]])+V053_20[[#This Row],[FAENA EN LTS3]] -> 100
A34: V053-20 | B34: 43862 | C34: 0.33333333 | D34: =IF(V053_20[[#This Row],[FECHA]]-B33=1,((V053_20[[#This Row],[HORA]]-C33)*24)+24,(V053_20[[#This Row],[HORA]]-C33)*24) -> 8 | E34: FONDEADO | F34: FONDEADO | I34: =IF(ISERROR(V053_20[[#This Row],[DISTANCIA POR CARTA]]/V053_20[[#This Row],[TIEMPO DE NAVEGACION]]),0,V053_20[[#This Row],[DISTANCIA POR CARTA]]/V053_20[[#This Row],[TIEMPO DE NAVEGACION]]) -> 0 | L34: 0 | M34: 1.25 | N34: 1 | O34: =SUM(V053_20[[#This Row],[MPAL]:[CALDERA]]) -> 2.25 | Q34: =(Q33 -V053_20[[#This Row],[TOTAL ]])+V053_20[[#This Row],[FAENA]] -> 97.297917 | R34: 0 | S34: 0 | T34: 0 | U34: 0 | V34: 0 | W34: =SUM(V053_20[[#This Row],[MPAL2]:[GI]]) -> 0 | Y34: =(Y33-V053_20[[#This Row],[TOTAL]])+V053_20[[#This Row],[FAENA2]] -> 63.4 | AB34: =(AB33-V053_20[[#This Row],[CYLINDER MP]])+V053_20[[#This Row],[FAENA EN LTS]] -> 100 | AE34: =(AE33-V053_20[[#This Row],[CARTER MP.]])+V053_20[[#This Row],[FAENA EN LTS2]] -> 100 | AH34: =(AH33-V053_20[[#This Row],[MOT AUX]])+V053_20[[#This Row],[FAENA EN LTS]] -> 100 | AK34: =(AK33-V053_20[[#This Row],[HIDRAULICO]])+V053_20[[#This Row],[FAENA EN LTS3]] -> 100
A35: V053-20 | B35: 43862 | C35: 0.6125 | D35: =IF(V053_20[[#This Row],[FECHA]]-B34=1,((V053_20[[#This Row],[HORA]]-C34)*24)+24,(V053_20[[#This Row],[HORA]]-C34)*24) -> 6.7 | E35: FONDEADO | F35: ANCLA ARRIBA | I35: =IF(ISERROR(V053_20[[#This Row],[DISTANCIA POR CARTA]]/V053_20[[#This Row],[TIEMPO DE NAVEGACION]]),0,V053_20[[#This Row],[DISTANCIA POR CARTA]]/V053_20[[#This Row],[TIEMPO DE NAVEGACION]]) -> 0 | L35: 0 | M35: 0.69791667 | N35: 0.55833333 | O35: =SUM(V053_20[[#This Row],[MPAL]:[CALDERA]]) -> 1.25625 | Q35: =(Q34 -V053_20[[#This Row],[TOTAL ]])+V053_20[[#This Row],[FAENA]] -> 96.041667 | R35: 0 | S35: 0 | T35: 0 | U35: 0 | V35: 0 | W35: =SUM(V053_20[[#This Row],[MPAL2]:[GI]]) -> 0 | Y35: =(Y34-V053_20[[#This Row],[TOTAL]])+V053_20[[#This Row],[FAENA2]] -> 63.4 | AB35: =(AB34-V053_20[[#This Row],[CYLINDER MP]])+V053_20[[#This Row],[FAENA EN LTS]] -> 100 | AE35: =(AE34-V053_20[[#This Row],[CARTER MP.]])+V053_20[[#This Row],[FAENA EN LTS2]] -> 100 | AH35: =(AH34-V053_20[[#This Row],[MOT AUX]])+V053_20[[#This Row],[FAENA EN LTS]] -> 100 | AK35: =(AK34-V053_20[[#This Row],[HIDRAULICO]])+V053_20[[#This Row],[FAENA EN LTS3]] -> 100
